,Rank,Gender Rank,Name,Gender,Category,Nationality,Gun Time,Chip Time,Speed,Pace,Distance
0,19 / 1128,1 / 220,1bc14a33-5d72-4b18-a492-1d94d0eba76d,Female,HALF MARATHON,[img:flags/SD.gif],01:37:18.315,01:27:43.742,14.4 Km/Hr,4:09 min/km,21.1 KM
1,24 / 1128,2 / 220,1bc14a33-5d72-4b18-a492-1d94d0eba76d,Female,HALF MARATHON,[img:flags/MA.gif],01:47:45.555,01:31:55.381,13.7 Km/Hr,4:21 min/km,21.1 KM
2,36 / 1128,3 / 220,1bc14a33-5d72-4b18-a492-1d94d0eba76d,Female,HALF MARATHON,[img:flags/ET.gif],01:47:55.616,01:34:29.758,13.3 Km/Hr,4:28 min/km,21.1 KM
3,39 / 1128,4 / 220,1bc14a33-5d72-4b18-a492-1d94d0eba76d,Female,HALF MARATHON,[img:flags/SA.gif],01:47:35.357,01:35:33.671,13.2 Km/Hr,4:31 min/km,21.1 KM
4,80 / 1128,5 / 220,1bc14a33-5d72-4b18-a492-1d94d0eba76d,Female,HALF MARATHON,[img:flags/SA.gif],01:55:28.881,01:43:09.994,12.2 Km/Hr,4:53 min/km,21.1 KM
5,84 / 1128,6 / 220,1bc14a33-5d72-4b18-a492-1d94d0eba76d,Female,HALF MARATHON,[img:flags/SA.gif],01:55:57.628,01:43:44.280,12.2 Km/Hr,4:54 min/km,21.1 KM
6,97 / 1128,7 / 220,1bc14a33-5d72-4b18-a492-1d94d0eba76d,Female,HALF MARATHON,[img:flags/AU.gif],01:57:00.429,01:45:09.333,12.0 Km/Hr,4:59 min/km,21.1 KM
7,113 / 1128,8 / 220,1bc14a33-5d72-4b18-a492-1d94d0eba76d,Female,HALF MARATHON,[img:flags/ZA.gif],01:59:33.785,01:47:01.534,11.8 Km/Hr,5:04 min/km,21.1 KM
8,115 / 1128,9 / 220,1bc14a33-5d72-4b18-a492-1d94d0eba76d,Female,HALF MARATHON,[img:flags/BR.gif],02:00:22.815,01:47:06.253,11.8 Km/Hr,5:04 min/km,21.1 KM
9,120 / 1128,10 / 220,1bc14a33-5d72-4b18-a492-1d94d0eba76d,Female,HALF MARATHON,[img:flags/CO.gif],01:59:27.523,01:47:37.586,11.7 Km/Hr,5:06 min/km,21.1 KM
10,123 / 1128,11 / 220,1bc14a33-5d72-4b18-a492-1d94d0eba76d,Female,HALF MARATHON,[img:flags/LT.gif],02:00:10.627,01:48:11.409,11.7 Km/Hr,5:07 min/km,21.1 KM
11,132 / 1128,12 / 220,1bc14a33-5d72-4b18-a492-1d94d0eba76d,Female,HALF MARATHON,,02:01:07.834,01:48:52.218,11.6 Km/Hr,5:09 min/km,21.1 KM
12,136 / 1128,13 / 220,1bc14a33-5d72-4b18-a492-1d94d0eba76d,Female,HALF MARATHON,[img:flags/GB.gif],02:02:17.994,01:49:29.033,11.5 Km/Hr,5:11 min/km,21.1 KM
13,139 / 1128,14 / 220,1bc14a33-5d72-4b18-a492-1d94d0eba76d,Female,HALF MARATHON,[img:flags/SA.gif],02:02:25.289,01:49:44.647,11.5 Km/Hr,5:12 min/km,21.1 KM
14,147 / 1128,15 / 220,1bc14a33-5d72-4b18-a492-1d94d0eba76d,Female,HALF MARATHON,[img:flags/PH.gif],02:04:15.176,01:50:41.814,11.4 Km/Hr,5:14 min/km,21.1 KM
15,150 / 1128,16 / 220,1bc14a33-5d72-4b18-a492-1d94d0eba76d,Female,HALF MARATHON,[img:flags/SA.gif],02:06:54.337,01:50:53.396,11.4 Km/Hr,5:15 min/km,21.1 KM
16,154 / 1128,17 / 220,1bc14a33-5d72-4b18-a492-1d94d0eba76d,Female,HALF MARATHON,[img:flags/CA.gif],02:03:40.455,01:51:00.153,11.4 Km/Hr,5:15 min/km,21.1 KM
17,158 / 1128,18 / 220,1bc14a33-5d72-4b18-a492-1d94d0eba76d,Female,HALF MARATHON,[img:flags/NZ.gif],02:08:31.331,01:51:28.104,11.3 Km/Hr,5:16 min/km,21.1 KM
18,164 / 1128,19 / 220,1bc14a33-5d72-4b18-a492-1d94d0eba76d,Female,HALF MARATHON,[img:flags/DE.gif],02:04:55.516,01:52:01.938,11.3 Km/Hr,5:18 min/km,21.1 KM
19,173 / 1128,20 / 220,1bc14a33-5d72-4b18-a492-1d94d0eba76d,Female,HALF MARATHON,,02:05:41.272,01:52:51.874,11.2 Km/Hr,5:20 min/km,21.1 KM
20,184 / 1128,21 / 220,1bc14a33-5d72-4b18-a492-1d94d0eba76d,Female,HALF MARATHON,,02:07:03.058,01:54:10.398,11.0 Km/Hr,5:24 min/km,21.1 KM
21,188 / 1128,22 / 220,1bc14a33-5d72-4b18-a492-1d94d0eba76d,Female,HALF MARATHON,[img:flags/CO.gif],02:07:25.497,01:54:37.760,11.0 Km/Hr,5:25 min/km,21.1 KM
22,197 / 1128,23 / 220,1bc14a33-5d72-4b18-a492-1d94d0eba76d,Female,HALF MARATHON,[img:flags/GB.gif],02:08:13.214,01:55:24.896,10.9 Km/Hr,5:28 min/km,21.1 KM
23,198 / 1128,24 / 220,1bc14a33-5d72-4b18-a492-1d94d0eba76d,Female,HALF MARATHON,[img:flags/GB.gif],02:08:20.414,01:55:31.776,10.9 Km/Hr,5:28 min/km,21.1 KM
24,202 / 1128,25 / 220,1bc14a33-5d72-4b18-a492-1d94d0eba76d,Female,HALF MARATHON,[img:flags/MX.gif],02:11:15.440,01:55:40.800,10.9 Km/Hr,5:28 min/km,21.1 KM
25,221 / 1128,26 / 220,1bc14a33-5d72-4b18-a492-1d94d0eba76d,Female,HALF MARATHON,[img:flags/ES.gif],02:10:38.494,01:57:55.266,10.7 Km/Hr,5:35 min/km,21.1 KM
26,227 / 1128,27 / 220,1bc14a33-5d72-4b18-a492-1d94d0eba76d,Female,HALF MARATHON,[img:flags/LB.gif],02:11:04.028,01:57:59.169,10.7 Km/Hr,5:35 min/km,21.1 KM
27,236 / 1128,28 / 220,1bc14a33-5d72-4b18-a492-1d94d0eba76d,Female,HALF MARATHON,[img:flags/SA.gif],02:28:02.763,01:58:55.809,10.6 Km/Hr,5:38 min/km,21.1 KM
28,249 / 1128,29 / 220,1bc14a33-5d72-4b18-a492-1d94d0eba76d,Female,HALF MARATHON,[img:flags/ZA.gif],02:15:14.733,01:59:30.230,10.5 Km/Hr,5:39 min/km,21.1 KM
29,252 / 1128,30 / 220,1bc14a33-5d72-4b18-a492-1d94d0eba76d,Female,HALF MARATHON,[img:flags/SA.gif],02:12:44.329,01:59:55.627,10.5 Km/Hr,5:41 min/km,21.1 KM
30,259 / 1128,31 / 220,1bc14a33-5d72-4b18-a492-1d94d0eba76d,Female,HALF MARATHON,[img:flags/GB.gif],02:13:25.523,02:00:18.267,10.5 Km/Hr,5:42 min/km,21.1 KM
31,269 / 1128,32 / 220,1bc14a33-5d72-4b18-a492-1d94d0eba76d,Female,HALF MARATHON,[img:flags/GB.gif],02:13:54.023,02:00:59.476,10.4 Km/Hr,5:44 min/km,21.1 KM
32,275 / 1128,33 / 220,1bc14a33-5d72-4b18-a492-1d94d0eba76d,Female,HALF MARATHON,[img:flags/PL.gif],02:13:30.990,02:01:29.959,10.4 Km/Hr,5:45 min/km,21.1 KM
33,278 / 1128,34 / 220,1bc14a33-5d72-4b18-a492-1d94d0eba76d,Female,HALF MARATHON,[img:flags/SA.gif],02:15:33.267,02:01:58.906,10.3 Km/Hr,5:46 min/km,21.1 KM
34,282 / 1128,35 / 220,1bc14a33-5d72-4b18-a492-1d94d0eba76d,Female,HALF MARATHON,[img:flags/SA.gif],02:18:20.057,02:02:12.514,10.3 Km/Hr,5:47 min/km,21.1 KM
35,291 / 1128,36 / 220,1bc14a33-5d72-4b18-a492-1d94d0eba76d,Female,HALF MARATHON,[img:flags/SA.gif],02:14:48.866,02:02:52.235,10.3 Km/Hr,5:49 min/km,21.1 KM
36,302 / 1128,37 / 220,1bc14a33-5d72-4b18-a492-1d94d0eba76d,Female,HALF MARATHON,[img:flags/GB.gif],02:15:29.975,02:03:28.869,10.2 Km/Hr,5:51 min/km,21.1 KM
37,309 / 1128,38 / 220,1bc14a33-5d72-4b18-a492-1d94d0eba76d,Female,HALF MARATHON,[img:flags/IT.gif],02:17:22.536,02:04:01.555,10.2 Km/Hr,5:52 min/km,21.1 KM
38,328 / 1128,39 / 220,1bc14a33-5d72-4b18-a492-1d94d0eba76d,Female,HALF MARATHON,[img:flags/SA.gif],02:18:29.414,02:05:13.555,10.1 Km/Hr,5:56 min/km,21.1 KM
39,333 / 1128,40 / 220,1bc14a33-5d72-4b18-a492-1d94d0eba76d,Female,HALF MARATHON,[img:flags/ER.gif],02:18:53.934,02:05:37.495,10.0 Km/Hr,5:57 min/km,21.1 KM
40,337 / 1128,41 / 220,1bc14a33-5d72-4b18-a492-1d94d0eba76d,Female,HALF MARATHON,[img:flags/TR.gif],02:19:31.533,02:06:15.295,10.0 Km/Hr,5:59 min/km,21.1 KM
41,342 / 1128,42 / 220,1bc14a33-5d72-4b18-a492-1d94d0eba76d,Female,HALF MARATHON,[img:flags/LB.gif],02:19:08.432,02:06:21.871,10.0 Km/Hr,5:59 min/km,21.1 KM
42,346 / 1128,43 / 220,1bc14a33-5d72-4b18-a492-1d94d0eba76d,Female,HALF MARATHON,[img:flags/PL.gif],02:19:13.217,02:06:45.079,9.9 Km/Hr,6:00 min/km,21.1 KM
43,349 / 1128,44 / 220,1bc14a33-5d72-4b18-a492-1d94d0eba76d,Female,HALF MARATHON,[img:flags/SA.gif],02:19:36.855,02:06:54.026,9.9 Km/Hr,6:00 min/km,21.1 KM
44,350 / 1128,45 / 220,1bc14a33-5d72-4b18-a492-1d94d0eba76d,Female,HALF MARATHON,[img:flags/IT.gif],02:25:11.956,02:07:06.353,9.9 Km/Hr,6:01 min/km,21.1 KM
45,360 / 1128,46 / 220,1bc14a33-5d72-4b18-a492-1d94d0eba76d,Female,HALF MARATHON,[img:flags/RO.gif],02:20:59.456,02:08:13.898,9.8 Km/Hr,6:04 min/km,21.1 KM
46,363 / 1128,47 / 220,1bc14a33-5d72-4b18-a492-1d94d0eba76d,Female,HALF MARATHON,[img:flags/ES.gif],02:21:10.084,02:08:20.463,9.8 Km/Hr,6:04 min/km,21.1 KM
47,380 / 1128,48 / 220,1bc14a33-5d72-4b18-a492-1d94d0eba76d,Female,HALF MARATHON,[img:flags/ZA.gif],02:23:34.436,02:10:04.085,9.7 Km/Hr,6:09 min/km,21.1 KM
48,381 / 1128,49 / 220,1bc14a33-5d72-4b18-a492-1d94d0eba76d,Female,HALF MARATHON,[img:flags/SA.gif],02:23:17.362,02:10:09.788,9.7 Km/Hr,6:10 min/km,21.1 KM
49,385 / 1128,50 / 220,1bc14a33-5d72-4b18-a492-1d94d0eba76d,Female,HALF MARATHON,,02:23:14.416,02:10:58.837,9.6 Km/Hr,6:12 min/km,21.1 KM
50,386 / 1128,51 / 220,1bc14a33-5d72-4b18-a492-1d94d0eba76d,Female,HALF MARATHON,[img:flags/RS.gif],02:23:20.747,02:10:59.540,9.6 Km/Hr,6:12 min/km,21.1 KM
51,398 / 1128,52 / 220,1bc14a33-5d72-4b18-a492-1d94d0eba76d,Female,HALF MARATHON,[img:flags/VE.gif],02:25:31.505,02:11:31.434,9.6 Km/Hr,6:14 min/km,21.1 KM
52,401 / 1128,53 / 220,1bc14a33-5d72-4b18-a492-1d94d0eba76d,Female,HALF MARATHON,,02:24:16.505,02:11:38.343,9.6 Km/Hr,6:14 min/km,21.1 KM
53,419 / 1128,54 / 220,1bc14a33-5d72-4b18-a492-1d94d0eba76d,Female,HALF MARATHON,[img:flags/SA.gif],02:29:16.305,02:13:01.867,9.5 Km/Hr,6:18 min/km,21.1 KM
54,422 / 1128,55 / 220,1bc14a33-5d72-4b18-a492-1d94d0eba76d,Female,HALF MARATHON,[img:flags/SA.gif],02:42:44.939,02:13:09.433,9.5 Km/Hr,6:18 min/km,21.1 KM
55,427 / 1128,56 / 220,1bc14a33-5d72-4b18-a492-1d94d0eba76d,Female,HALF MARATHON,[img:flags/AE.gif],02:56:51.544,02:13:56.176,9.4 Km/Hr,6:20 min/km,21.1 KM
56,437 / 1128,57 / 220,1bc14a33-5d72-4b18-a492-1d94d0eba76d,Female,HALF MARATHON,[img:flags/SA.gif],02:27:01.439,02:14:45.078,9.3 Km/Hr,6:23 min/km,21.1 KM
57,440 / 1128,58 / 220,1bc14a33-5d72-4b18-a492-1d94d0eba76d,Female,HALF MARATHON,[img:flags/PH.gif],02:28:37.916,02:14:56.297,9.3 Km/Hr,6:23 min/km,21.1 KM
58,446 / 1128,59 / 220,1bc14a33-5d72-4b18-a492-1d94d0eba76d,Female,HALF MARATHON,[img:flags/SA.gif],02:27:40.056,02:15:25.257,9.3 Km/Hr,6:25 min/km,21.1 KM
59,447 / 1128,60 / 220,1bc14a33-5d72-4b18-a492-1d94d0eba76d,Female,HALF MARATHON,[img:flags/IT.gif],02:28:06.423,02:15:27.164,9.3 Km/Hr,6:25 min/km,21.1 KM
60,456 / 1128,61 / 220,1bc14a33-5d72-4b18-a492-1d94d0eba76d,Female,HALF MARATHON,,02:40:13.838,02:16:08.373,9.2 Km/Hr,6:27 min/km,21.1 KM
61,466 / 1128,62 / 220,1bc14a33-5d72-4b18-a492-1d94d0eba76d,Female,HALF MARATHON,[img:flags/GB.gif],02:29:54.276,02:16:59.128,9.2 Km/Hr,6:29 min/km,21.1 KM
62,469 / 1128,63 / 220,1bc14a33-5d72-4b18-a492-1d94d0eba76d,Female,HALF MARATHON,[img:flags/SA.gif],02:30:51.467,02:17:15.829,9.2 Km/Hr,6:30 min/km,21.1 KM
63,478 / 1128,64 / 220,1bc14a33-5d72-4b18-a492-1d94d0eba76d,Female,HALF MARATHON,[img:flags/CA.gif],02:31:01.667,02:18:30.710,9.1 Km/Hr,6:33 min/km,21.1 KM
64,481 / 1128,65 / 220,1bc14a33-5d72-4b18-a492-1d94d0eba76d,Female,HALF MARATHON,[img:flags/PL.gif],02:31:20.338,02:18:38.739,9.1 Km/Hr,6:34 min/km,21.1 KM
65,482 / 1128,66 / 220,1bc14a33-5d72-4b18-a492-1d94d0eba76d,Female,HALF MARATHON,[img:flags/SA.gif],02:33:32.439,02:18:48.768,9.1 Km/Hr,6:34 min/km,21.1 KM
66,484 / 1128,67 / 220,1bc14a33-5d72-4b18-a492-1d94d0eba76d,Female,HALF MARATHON,[img:flags/LC.gif],02:32:34.641,02:18:55.539,9.1 Km/Hr,6:35 min/km,21.1 KM
67,489 / 1128,68 / 220,1bc14a33-5d72-4b18-a492-1d94d0eba76d,Female,HALF MARATHON,[img:flags/EG.gif],02:32:40.219,02:19:26.619,9.0 Km/Hr,6:36 min/km,21.1 KM
68,491 / 1128,69 / 220,1bc14a33-5d72-4b18-a492-1d94d0eba76d,Female,HALF MARATHON,[img:flags/GB.gif],02:32:04.905,02:19:37.607,9.0 Km/Hr,6:37 min/km,21.1 KM
69,493 / 1128,70 / 220,1bc14a33-5d72-4b18-a492-1d94d0eba76d,Female,HALF MARATHON,[img:flags/SA.gif],02:33:00.746,02:19:43.538,9.0 Km/Hr,6:37 min/km,21.1 KM
70,495 / 1128,71 / 220,1bc14a33-5d72-4b18-a492-1d94d0eba76d,Female,HALF MARATHON,[img:flags/JO.gif],02:32:03.426,02:19:46.884,9.0 Km/Hr,6:37 min/km,21.1 KM
71,503 / 1128,72 / 220,1bc14a33-5d72-4b18-a492-1d94d0eba76d,Female,HALF MARATHON,[img:flags/SA.gif],02:44:17.252,02:20:13.242,9.0 Km/Hr,6:38 min/km,21.1 KM
72,506 / 1128,73 / 220,1bc14a33-5d72-4b18-a492-1d94d0eba76d,Female,HALF MARATHON,[img:flags/GB.gif],02:33:16.787,02:20:25.930,9.0 Km/Hr,6:39 min/km,21.1 KM
73,509 / 1128,74 / 220,1bc14a33-5d72-4b18-a492-1d94d0eba76d,Female,HALF MARATHON,,02:33:21.188,02:20:53.710,8.9 Km/Hr,6:40 min/km,21.1 KM
74,517 / 1128,75 / 220,1bc14a33-5d72-4b18-a492-1d94d0eba76d,Female,HALF MARATHON,[img:flags/CN.gif],02:33:08.827,02:21:14.458,8.9 Km/Hr,6:41 min/km,21.1 KM
75,518 / 1128,76 / 220,1bc14a33-5d72-4b18-a492-1d94d0eba76d,Female,HALF MARATHON,,02:33:10.058,02:21:18.020,8.9 Km/Hr,6:41 min/km,21.1 KM
76,521 / 1128,77 / 220,1bc14a33-5d72-4b18-a492-1d94d0eba76d,Female,HALF MARATHON,[img:flags/SA.gif],02:35:03.223,02:21:29.206,8.9 Km/Hr,6:42 min/km,21.1 KM
77,523 / 1128,78 / 220,1bc14a33-5d72-4b18-a492-1d94d0eba76d,Female,HALF MARATHON,[img:flags/GB.gif],02:35:03.740,02:21:35.982,8.9 Km/Hr,6:42 min/km,21.1 KM
78,528 / 1128,79 / 220,1bc14a33-5d72-4b18-a492-1d94d0eba76d,Female,HALF MARATHON,[img:flags/SA.gif],02:36:08.974,02:22:00.300,8.9 Km/Hr,6:43 min/km,21.1 KM
79,531 / 1128,80 / 220,1bc14a33-5d72-4b18-a492-1d94d0eba76d,Female,HALF MARATHON,[img:flags/VE.gif],02:34:46.147,02:22:12.868,8.9 Km/Hr,6:44 min/km,21.1 KM
80,536 / 1128,81 / 220,1bc14a33-5d72-4b18-a492-1d94d0eba76d,Female,HALF MARATHON,[img:flags/CN.gif],02:35:05.260,02:22:28.830,8.8 Km/Hr,6:45 min/km,21.1 KM
81,541 / 1128,82 / 220,1bc14a33-5d72-4b18-a492-1d94d0eba76d,Female,HALF MARATHON,[img:flags/SA.gif],02:36:17.964,02:22:42.182,8.8 Km/Hr,6:45 min/km,21.1 KM
82,543 / 1128,83 / 220,1bc14a33-5d72-4b18-a492-1d94d0eba76d,Female,HALF MARATHON,[img:flags/SA.gif],02:58:01.626,02:22:48.471,8.8 Km/Hr,6:46 min/km,21.1 KM
83,552 / 1128,84 / 220,1bc14a33-5d72-4b18-a492-1d94d0eba76d,Female,HALF MARATHON,[img:flags/SA.gif],02:36:24.644,02:23:46.383,8.8 Km/Hr,6:48 min/km,21.1 KM
84,553 / 1128,85 / 220,1bc14a33-5d72-4b18-a492-1d94d0eba76d,Female,HALF MARATHON,[img:flags/GB.gif],02:36:24.689,02:23:46.426,8.8 Km/Hr,6:48 min/km,21.1 KM
85,558 / 1128,86 / 220,1bc14a33-5d72-4b18-a492-1d94d0eba76d,Female,HALF MARATHON,[img:flags/ZA.gif],02:36:27.189,02:24:01.888,8.7 Km/Hr,6:49 min/km,21.1 KM
86,559 / 1128,87 / 220,1bc14a33-5d72-4b18-a492-1d94d0eba76d,Female,HALF MARATHON,[img:flags/ZA.gif],02:36:40.411,02:24:11.495,8.7 Km/Hr,6:50 min/km,21.1 KM
87,562 / 1128,88 / 220,1bc14a33-5d72-4b18-a492-1d94d0eba76d,Female,HALF MARATHON,[img:flags/SA.gif],02:37:14.324,02:24:17.099,8.7 Km/Hr,6:50 min/km,21.1 KM
88,563 / 1128,89 / 220,1bc14a33-5d72-4b18-a492-1d94d0eba76d,Female,HALF MARATHON,[img:flags/SA.gif],02:37:03.129,02:24:18.409,8.7 Km/Hr,6:50 min/km,21.1 KM
89,579 / 1128,90 / 220,1bc14a33-5d72-4b18-a492-1d94d0eba76d,Female,HALF MARATHON,[img:flags/GB.gif],02:38:18.624,02:25:10.422,8.7 Km/Hr,6:52 min/km,21.1 KM
90,585 / 1128,91 / 220,1bc14a33-5d72-4b18-a492-1d94d0eba76d,Female,HALF MARATHON,[img:flags/SA.gif],02:40:31.189,02:25:45.471,8.6 Km/Hr,6:54 min/km,21.1 KM
91,593 / 1128,92 / 220,1bc14a33-5d72-4b18-a492-1d94d0eba76d,Female,HALF MARATHON,[img:flags/SA.gif],02:42:33.779,02:26:27.078,8.6 Km/Hr,6:56 min/km,21.1 KM
92,599 / 1128,93 / 220,1bc14a33-5d72-4b18-a492-1d94d0eba76d,Female,HALF MARATHON,[img:flags/ID.gif],02:42:01.119,02:27:10.919,8.6 Km/Hr,6:58 min/km,21.1 KM
93,610 / 1128,94 / 220,1bc14a33-5d72-4b18-a492-1d94d0eba76d,Female,HALF MARATHON,[img:flags/CA.gif],02:41:05.575,02:27:57.376,8.5 Km/Hr,7:00 min/km,21.1 KM
94,612 / 1128,95 / 220,1bc14a33-5d72-4b18-a492-1d94d0eba76d,Female,HALF MARATHON,[img:flags/AU.gif],02:42:44.620,02:28:15.142,8.5 Km/Hr,7:01 min/km,21.1 KM
95,623 / 1128,96 / 220,1bc14a33-5d72-4b18-a492-1d94d0eba76d,Female,HALF MARATHON,[img:flags/GB.gif],02:41:49.357,02:28:58.931,8.4 Km/Hr,7:03 min/km,21.1 KM
96,624 / 1128,97 / 220,1bc14a33-5d72-4b18-a492-1d94d0eba76d,Female,HALF MARATHON,[img:flags/YE.gif],02:41:05.696,02:29:01.300,8.4 Km/Hr,7:03 min/km,21.1 KM
97,625 / 1128,98 / 220,1bc14a33-5d72-4b18-a492-1d94d0eba76d,Female,HALF MARATHON,[img:flags/SA.gif],02:46:35.941,02:29:03.648,8.4 Km/Hr,7:03 min/km,21.1 KM
98,633 / 1128,99 / 220,1bc14a33-5d72-4b18-a492-1d94d0eba76d,Female,HALF MARATHON,[img:flags/SA.gif],02:42:59.431,02:29:49.388,8.4 Km/Hr,7:06 min/km,21.1 KM
99,643 / 1128,100 / 220,1bc14a33-5d72-4b18-a492-1d94d0eba76d,Female,HALF MARATHON,[img:flags/IN.gif],02:43:01.082,02:30:56.221,8.3 Km/Hr,7:09 min/km,21.1 KM
100,646 / 1128,101 / 220,1bc14a33-5d72-4b18-a492-1d94d0eba76d,Female,HALF MARATHON,[img:flags/SA.gif],02:44:20.341,02:31:12.317,8.3 Km/Hr,7:09 min/km,21.1 KM
101,654 / 1128,102 / 220,1bc14a33-5d72-4b18-a492-1d94d0eba76d,Female,HALF MARATHON,[img:flags/SA.gif],02:44:43.575,02:31:59.484,8.3 Km/Hr,7:12 min/km,21.1 KM
102,664 / 1128,103 / 220,1bc14a33-5d72-4b18-a492-1d94d0eba76d,Female,HALF MARATHON,[img:flags/SA.gif],02:51:55.273,02:32:39.314,8.2 Km/Hr,7:14 min/km,21.1 KM
103,668 / 1128,104 / 220,1bc14a33-5d72-4b18-a492-1d94d0eba76d,Female,HALF MARATHON,[img:flags/RU.gif],02:46:53.384,02:32:54.905,8.2 Km/Hr,7:14 min/km,21.1 KM
104,669 / 1128,105 / 220,1bc14a33-5d72-4b18-a492-1d94d0eba76d,Female,HALF MARATHON,[img:flags/SA.gif],02:47:26.134,02:33:10.644,8.2 Km/Hr,7:15 min/km,21.1 KM
105,684 / 1128,106 / 220,1bc14a33-5d72-4b18-a492-1d94d0eba76d,Female,HALF MARATHON,[img:flags/FR.gif],02:46:31.957,02:34:31.316,8.1 Km/Hr,7:19 min/km,21.1 KM
106,686 / 1128,107 / 220,1bc14a33-5d72-4b18-a492-1d94d0eba76d,Female,HALF MARATHON,[img:flags/SA.gif],02:59:41.274,02:34:43.768,8.1 Km/Hr,7:19 min/km,21.1 KM
107,690 / 1128,108 / 220,1bc14a33-5d72-4b18-a492-1d94d0eba76d,Female,HALF MARATHON,[img:flags/SA.gif],02:52:29.735,02:34:57.263,8.1 Km/Hr,7:20 min/km,21.1 KM
108,694 / 1128,109 / 220,1bc14a33-5d72-4b18-a492-1d94d0eba76d,Female,HALF MARATHON,[img:flags/SA.gif],02:48:20.820,02:35:16.679,8.1 Km/Hr,7:21 min/km,21.1 KM
109,696 / 1128,110 / 220,1bc14a33-5d72-4b18-a492-1d94d0eba76d,Female,HALF MARATHON,[img:flags/SA.gif],02:49:19.234,02:35:43.716,8.1 Km/Hr,7:22 min/km,21.1 KM
110,697 / 1128,111 / 220,1bc14a33-5d72-4b18-a492-1d94d0eba76d,Female,HALF MARATHON,[img:flags/ZA.gif],02:50:17.416,02:35:44.437,8.1 Km/Hr,7:22 min/km,21.1 KM
111,698 / 1128,112 / 220,1bc14a33-5d72-4b18-a492-1d94d0eba76d,Female,HALF MARATHON,[img:flags/CA.gif],02:48:48.202,02:35:59.644,8.1 Km/Hr,7:23 min/km,21.1 KM
112,700 / 1128,113 / 220,1bc14a33-5d72-4b18-a492-1d94d0eba76d,Female,HALF MARATHON,[img:flags/SA.gif],02:48:21.256,02:36:02.269,8.1 Km/Hr,7:23 min/km,21.1 KM
113,712 / 1128,114 / 220,1bc14a33-5d72-4b18-a492-1d94d0eba76d,Female,HALF MARATHON,[img:flags/PT.gif],02:49:47.902,02:36:54.073,8.0 Km/Hr,7:26 min/km,21.1 KM
114,717 / 1128,115 / 220,1bc14a33-5d72-4b18-a492-1d94d0eba76d,Female,HALF MARATHON,[img:flags/MY.gif],02:50:21.432,02:37:08.193,8.0 Km/Hr,7:26 min/km,21.1 KM
115,718 / 1128,116 / 220,1bc14a33-5d72-4b18-a492-1d94d0eba76d,Female,HALF MARATHON,,02:49:52.835,02:37:09.408,8.0 Km/Hr,7:26 min/km,21.1 KM
116,719 / 1128,117 / 220,1bc14a33-5d72-4b18-a492-1d94d0eba76d,Female,HALF MARATHON,[img:flags/SA.gif],02:53:51.620,02:37:11.386,8.0 Km/Hr,7:26 min/km,21.1 KM
117,721 / 1128,118 / 220,1bc14a33-5d72-4b18-a492-1d94d0eba76d,Female,HALF MARATHON,[img:flags/IT.gif],03:00:10.397,02:37:20.187,8.0 Km/Hr,7:27 min/km,21.1 KM
118,735 / 1128,119 / 220,1bc14a33-5d72-4b18-a492-1d94d0eba76d,Female,HALF MARATHON,[img:flags/SA.gif],02:51:27.115,02:38:27.938,7.9 Km/Hr,7:30 min/km,21.1 KM
119,736 / 1128,120 / 220,1bc14a33-5d72-4b18-a492-1d94d0eba76d,Female,HALF MARATHON,[img:flags/SA.gif],02:51:55.678,02:38:37.192,7.9 Km/Hr,7:31 min/km,21.1 KM
120,738 / 1128,121 / 220,1bc14a33-5d72-4b18-a492-1d94d0eba76d,Female,HALF MARATHON,[img:flags/SA.gif],02:51:54.814,02:38:42.745,7.9 Km/Hr,7:31 min/km,21.1 KM
121,742 / 1128,122 / 220,1bc14a33-5d72-4b18-a492-1d94d0eba76d,Female,HALF MARATHON,[img:flags/GB.gif],02:51:51.617,02:38:55.763,7.9 Km/Hr,7:31 min/km,21.1 KM
122,745 / 1128,123 / 220,1bc14a33-5d72-4b18-a492-1d94d0eba76d,Female,HALF MARATHON,[img:flags/SA.gif],02:51:30.203,02:39:07.003,7.9 Km/Hr,7:32 min/km,21.1 KM
123,753 / 1128,124 / 220,1bc14a33-5d72-4b18-a492-1d94d0eba76d,Female,HALF MARATHON,[img:flags/SA.gif],02:52:20.474,02:40:02.633,7.9 Km/Hr,7:35 min/km,21.1 KM
124,755 / 1128,125 / 220,1bc14a33-5d72-4b18-a492-1d94d0eba76d,Female,HALF MARATHON,[img:flags/SE.gif],02:53:42.600,02:40:11.780,7.9 Km/Hr,7:35 min/km,21.1 KM
125,766 / 1128,126 / 220,1bc14a33-5d72-4b18-a492-1d94d0eba76d,Female,HALF MARATHON,[img:flags/SA.gif],03:10:49.856,02:41:03.448,7.8 Km/Hr,7:37 min/km,21.1 KM
126,769 / 1128,127 / 220,1bc14a33-5d72-4b18-a492-1d94d0eba76d,Female,HALF MARATHON,[img:flags/SA.gif],03:04:31.848,02:41:36.809,7.8 Km/Hr,7:39 min/km,21.1 KM
127,770 / 1128,128 / 220,1bc14a33-5d72-4b18-a492-1d94d0eba76d,Female,HALF MARATHON,[img:flags/SA.gif],02:55:39.385,02:42:03.364,7.8 Km/Hr,7:40 min/km,21.1 KM
128,771 / 1128,129 / 220,1bc14a33-5d72-4b18-a492-1d94d0eba76d,Female,HALF MARATHON,[img:flags/SA.gif],02:55:44.473,02:42:09.151,7.8 Km/Hr,7:41 min/km,21.1 KM
129,773 / 1128,130 / 220,1bc14a33-5d72-4b18-a492-1d94d0eba76d,Female,HALF MARATHON,[img:flags/SA.gif],02:58:34.713,02:42:37.488,7.7 Km/Hr,7:42 min/km,21.1 KM
130,774 / 1128,131 / 220,1bc14a33-5d72-4b18-a492-1d94d0eba76d,Female,HALF MARATHON,[img:flags/SA.gif],02:58:34.793,02:42:38.033,7.7 Km/Hr,7:42 min/km,21.1 KM
131,775 / 1128,132 / 220,1bc14a33-5d72-4b18-a492-1d94d0eba76d,Female,HALF MARATHON,[img:flags/JO.gif],02:59:19.085,02:42:40.453,7.7 Km/Hr,7:42 min/km,21.1 KM
132,776 / 1128,133 / 220,1bc14a33-5d72-4b18-a492-1d94d0eba76d,Female,HALF MARATHON,[img:flags/SA.gif],02:55:31.043,02:42:44.153,7.7 Km/Hr,7:42 min/km,21.1 KM
133,781 / 1128,134 / 220,1bc14a33-5d72-4b18-a492-1d94d0eba76d,Female,HALF MARATHON,[img:flags/SA.gif],02:55:39.569,02:43:18.540,7.7 Km/Hr,7:44 min/km,21.1 KM
134,789 / 1128,135 / 220,1bc14a33-5d72-4b18-a492-1d94d0eba76d,Female,HALF MARATHON,,02:56:43.122,02:44:00.671,7.7 Km/Hr,7:46 min/km,21.1 KM
135,805 / 1128,136 / 220,1bc14a33-5d72-4b18-a492-1d94d0eba76d,Female,HALF MARATHON,[img:flags/SA.gif],02:58:33.812,02:45:49.390,7.6 Km/Hr,7:51 min/km,21.1 KM
136,808 / 1128,137 / 220,1bc14a33-5d72-4b18-a492-1d94d0eba76d,Female,HALF MARATHON,[img:flags/SA.gif],02:58:12.392,02:45:53.694,7.6 Km/Hr,7:51 min/km,21.1 KM
137,817 / 1128,138 / 220,1bc14a33-5d72-4b18-a492-1d94d0eba76d,Female,HALF MARATHON,[img:flags/AT.gif],03:00:13.974,02:46:55.623,7.5 Km/Hr,7:54 min/km,21.1 KM
138,819 / 1128,139 / 220,1bc14a33-5d72-4b18-a492-1d94d0eba76d,Female,HALF MARATHON,[img:flags/SA.gif],03:09:55.372,02:46:58.375,7.5 Km/Hr,7:54 min/km,21.1 KM
139,822 / 1128,140 / 220,1bc14a33-5d72-4b18-a492-1d94d0eba76d,Female,HALF MARATHON,[img:flags/SA.gif],03:00:47.569,02:47:32.606,7.5 Km/Hr,7:56 min/km,21.1 KM
140,826 / 1128,141 / 220,1bc14a33-5d72-4b18-a492-1d94d0eba76d,Female,HALF MARATHON,[img:flags/SA.gif],03:01:44.809,02:47:59.570,7.5 Km/Hr,7:57 min/km,21.1 KM
141,833 / 1128,142 / 220,1bc14a33-5d72-4b18-a492-1d94d0eba76d,Female,HALF MARATHON,,03:01:51.935,02:48:49.974,7.4 Km/Hr,8:00 min/km,21.1 KM
142,835 / 1128,143 / 220,1bc14a33-5d72-4b18-a492-1d94d0eba76d,Female,HALF MARATHON,,03:02:14.129,02:49:00.892,7.4 Km/Hr,8:00 min/km,21.1 KM
143,836 / 1128,144 / 220,1bc14a33-5d72-4b18-a492-1d94d0eba76d,Female,HALF MARATHON,[img:flags/SA.gif],03:05:24.448,02:49:10.307,7.4 Km/Hr,8:01 min/km,21.1 KM
144,840 / 1128,145 / 220,1bc14a33-5d72-4b18-a492-1d94d0eba76d,Female,HALF MARATHON,[img:flags/SA.gif],03:31:32.301,02:49:26.154,7.4 Km/Hr,8:01 min/km,21.1 KM
145,845 / 1128,146 / 220,1bc14a33-5d72-4b18-a492-1d94d0eba76d,Female,HALF MARATHON,[img:flags/SA.gif],03:06:31.611,02:50:17.129,7.4 Km/Hr,8:04 min/km,21.1 KM
146,847 / 1128,147 / 220,1bc14a33-5d72-4b18-a492-1d94d0eba76d,Female,HALF MARATHON,[img:flags/SA.gif],03:04:10.950,02:50:59.963,7.4 Km/Hr,8:06 min/km,21.1 KM
147,848 / 1128,148 / 220,1bc14a33-5d72-4b18-a492-1d94d0eba76d,Female,HALF MARATHON,[img:flags/VE.gif],03:04:35.316,02:51:14.035,7.3 Km/Hr,8:06 min/km,21.1 KM
148,863 / 1128,149 / 220,1bc14a33-5d72-4b18-a492-1d94d0eba76d,Female,HALF MARATHON,[img:flags/XK.gif],03:05:30.257,02:52:42.891,7.3 Km/Hr,8:11 min/km,21.1 KM
149,866 / 1128,150 / 220,1bc14a33-5d72-4b18-a492-1d94d0eba76d,Female,HALF MARATHON,,03:06:23.176,02:53:05.086,7.3 Km/Hr,8:12 min/km,21.1 KM
150,873 / 1128,151 / 220,1bc14a33-5d72-4b18-a492-1d94d0eba76d,Female,HALF MARATHON,[img:flags/SA.gif],03:06:34.138,02:54:08.201,7.2 Km/Hr,8:15 min/km,21.1 KM
151,879 / 1128,152 / 220,1bc14a33-5d72-4b18-a492-1d94d0eba76d,Female,HALF MARATHON,[img:flags/SA.gif],03:08:05.169,02:54:38.627,7.2 Km/Hr,8:16 min/km,21.1 KM
152,890 / 1128,153 / 220,1bc14a33-5d72-4b18-a492-1d94d0eba76d,Female,HALF MARATHON,[img:flags/PS.gif],03:09:18.699,02:56:21.052,7.1 Km/Hr,8:21 min/km,21.1 KM
153,894 / 1128,154 / 220,1bc14a33-5d72-4b18-a492-1d94d0eba76d,Female,HALF MARATHON,[img:flags/SA.gif],03:19:55.565,02:57:00.247,7.1 Km/Hr,8:23 min/km,21.1 KM
154,895 / 1128,155 / 220,1bc14a33-5d72-4b18-a492-1d94d0eba76d,Female,HALF MARATHON,[img:flags/SA.gif],03:13:41.626,02:57:08.485,7.1 Km/Hr,8:23 min/km,21.1 KM
155,902 / 1128,156 / 220,1bc14a33-5d72-4b18-a492-1d94d0eba76d,Female,HALF MARATHON,,03:38:38.698,02:58:41.660,7.0 Km/Hr,8:28 min/km,21.1 KM
156,903 / 1128,157 / 220,1bc14a33-5d72-4b18-a492-1d94d0eba76d,Female,HALF MARATHON,[img:flags/SA.gif],03:17:49.127,02:59:05.663,7.0 Km/Hr,8:29 min/km,21.1 KM
157,905 / 1128,158 / 220,1bc14a33-5d72-4b18-a492-1d94d0eba76d,Female,HALF MARATHON,[img:flags/SA.gif],03:12:24.276,02:59:21.817,7.0 Km/Hr,8:30 min/km,21.1 KM
158,906 / 1128,159 / 220,1bc14a33-5d72-4b18-a492-1d94d0eba76d,Female,HALF MARATHON,[img:flags/SA.gif],03:11:40.323,02:59:22.883,7.0 Km/Hr,8:30 min/km,21.1 KM
159,910 / 1128,160 / 220,1bc14a33-5d72-4b18-a492-1d94d0eba76d,Female,HALF MARATHON,[img:flags/JO.gif],03:19:02.826,02:59:40.245,7.0 Km/Hr,8:30 min/km,21.1 KM
160,913 / 1128,161 / 220,1bc14a33-5d72-4b18-a492-1d94d0eba76d,Female,HALF MARATHON,[img:flags/SA.gif],03:16:00.305,02:59:44.943,7.0 Km/Hr,8:31 min/km,21.1 KM
161,914 / 1128,162 / 220,1bc14a33-5d72-4b18-a492-1d94d0eba76d,Female,HALF MARATHON,[img:flags/SA.gif],03:16:00.430,02:59:45.308,7.0 Km/Hr,8:31 min/km,21.1 KM
162,915 / 1128,163 / 220,1bc14a33-5d72-4b18-a492-1d94d0eba76d,Female,HALF MARATHON,[img:flags/SG.gif],03:13:01.884,02:59:51.775,7.0 Km/Hr,8:31 min/km,21.1 KM
163,921 / 1128,164 / 220,1bc14a33-5d72-4b18-a492-1d94d0eba76d,Female,HALF MARATHON,[img:flags/SA.gif],03:13:57.384,03:00:41.599,7.0 Km/Hr,8:33 min/km,21.1 KM
164,925 / 1128,165 / 220,1bc14a33-5d72-4b18-a492-1d94d0eba76d,Female,HALF MARATHON,,03:14:32.666,03:02:19.874,6.9 Km/Hr,8:38 min/km,21.1 KM
165,927 / 1128,166 / 220,1bc14a33-5d72-4b18-a492-1d94d0eba76d,Female,HALF MARATHON,[img:flags/SA.gif],03:18:54.567,03:02:48.707,6.9 Km/Hr,8:39 min/km,21.1 KM
166,945 / 1128,167 / 220,1bc14a33-5d72-4b18-a492-1d94d0eba76d,Female,HALF MARATHON,[img:flags/SA.gif],03:27:21.284,03:08:07.646,6.7 Km/Hr,8:54 min/km,21.1 KM
167,953 / 1128,168 / 220,1bc14a33-5d72-4b18-a492-1d94d0eba76d,Female,HALF MARATHON,[img:flags/SA.gif],03:43:03.552,03:09:41.412,6.6 Km/Hr,8:59 min/km,21.1 KM
168,969 / 1128,169 / 220,1bc14a33-5d72-4b18-a492-1d94d0eba76d,Female,HALF MARATHON,[img:flags/CN.gif],03:26:53.105,03:13:45.065,6.5 Km/Hr,9:10 min/km,21.1 KM
169,973 / 1128,170 / 220,1bc14a33-5d72-4b18-a492-1d94d0eba76d,Female,HALF MARATHON,[img:flags/SA.gif],03:28:49.625,03:15:43.585,6.4 Km/Hr,9:16 min/km,21.1 KM
170,976 / 1128,171 / 220,1bc14a33-5d72-4b18-a492-1d94d0eba76d,Female,HALF MARATHON,[img:flags/SA.gif],03:29:59.046,03:16:20.694,6.4 Km/Hr,9:18 min/km,21.1 KM
171,977 / 1128,172 / 220,1bc14a33-5d72-4b18-a492-1d94d0eba76d,Female,HALF MARATHON,[img:flags/SA.gif],03:30:30.539,03:17:12.531,6.4 Km/Hr,9:20 min/km,21.1 KM
172,979 / 1128,173 / 220,1bc14a33-5d72-4b18-a492-1d94d0eba76d,Female,HALF MARATHON,[img:flags/PK.gif],03:33:34.992,03:17:32.292,6.4 Km/Hr,9:21 min/km,21.1 KM
173,982 / 1128,174 / 220,1bc14a33-5d72-4b18-a492-1d94d0eba76d,Female,HALF MARATHON,[img:flags/ZA.gif],03:30:55.399,03:18:00.528,6.3 Km/Hr,9:23 min/km,21.1 KM
174,983 / 1128,175 / 220,1bc14a33-5d72-4b18-a492-1d94d0eba76d,Female,HALF MARATHON,[img:flags/SA.gif],03:36:14.355,03:18:39.132,6.3 Km/Hr,9:24 min/km,21.1 KM
175,992 / 1128,176 / 220,1bc14a33-5d72-4b18-a492-1d94d0eba76d,Female,HALF MARATHON,[img:flags/SA.gif],03:35:09.238,03:22:45.830,6.2 Km/Hr,9:36 min/km,21.1 KM
176,997 / 1128,177 / 220,1bc14a33-5d72-4b18-a492-1d94d0eba76d,Female,HALF MARATHON,[img:flags/PH.gif],03:37:52.513,03:24:21.415,6.1 Km/Hr,9:41 min/km,21.1 KM
177,1006 / 1128,178 / 220,1bc14a33-5d72-4b18-a492-1d94d0eba76d,Female,HALF MARATHON,[img:flags/PH.gif],03:43:02.002,03:26:53.159,6.1 Km/Hr,9:48 min/km,21.1 KM
178,1013 / 1128,179 / 220,1bc14a33-5d72-4b18-a492-1d94d0eba76d,Female,HALF MARATHON,[img:flags/SA.gif],03:42:09.537,03:28:40.916,6.0 Km/Hr,9:53 min/km,21.1 KM
179,1014 / 1128,180 / 220,1bc14a33-5d72-4b18-a492-1d94d0eba76d,Female,HALF MARATHON,[img:flags/LK.gif],03:41:57.322,03:28:47.494,6.0 Km/Hr,9:53 min/km,21.1 KM
180,1021 / 1128,181 / 220,1bc14a33-5d72-4b18-a492-1d94d0eba76d,Female,HALF MARATHON,[img:flags/SA.gif],03:44:42.580,03:31:36.157,5.9 Km/Hr,10:01 min/km,21.1 KM
181,1030 / 1128,182 / 220,1bc14a33-5d72-4b18-a492-1d94d0eba76d,Female,HALF MARATHON,[img:flags/SA.gif],03:46:52.457,03:33:44.882,5.9 Km/Hr,10:07 min/km,21.1 KM
182,1032 / 1128,183 / 220,1bc14a33-5d72-4b18-a492-1d94d0eba76d,Female,HALF MARATHON,[img:flags/SA.gif],04:11:30.209,03:34:33.727,5.9 Km/Hr,10:10 min/km,21.1 KM
183,1036 / 1128,184 / 220,1bc14a33-5d72-4b18-a492-1d94d0eba76d,Female,HALF MARATHON,[img:flags/SD.gif],03:48:52.603,03:36:22.306,5.8 Km/Hr,10:15 min/km,21.1 KM
184,1038 / 1128,185 / 220,1bc14a33-5d72-4b18-a492-1d94d0eba76d,Female,HALF MARATHON,[img:flags/SA.gif],03:49:59.526,03:37:31.308,5.8 Km/Hr,10:18 min/km,21.1 KM
185,1041 / 1128,186 / 220,1bc14a33-5d72-4b18-a492-1d94d0eba76d,Female,HALF MARATHON,[img:flags/EG.gif],03:49:56.798,03:37:55.827,5.8 Km/Hr,10:19 min/km,21.1 KM
186,1042 / 1128,187 / 220,1bc14a33-5d72-4b18-a492-1d94d0eba76d,Female,HALF MARATHON,[img:flags/ID.gif],03:50:56.423,03:37:57.686,5.8 Km/Hr,10:19 min/km,21.1 KM
187,1049 / 1128,188 / 220,1bc14a33-5d72-4b18-a492-1d94d0eba76d,Female,HALF MARATHON,[img:flags/MX.gif],03:54:37.516,03:42:15.515,5.6 Km/Hr,10:32 min/km,21.1 KM
188,1052 / 1128,189 / 220,1bc14a33-5d72-4b18-a492-1d94d0eba76d,Female,HALF MARATHON,[img:flags/SA.gif],04:08:14.997,03:44:11.554,5.6 Km/Hr,10:37 min/km,21.1 KM
189,1056 / 1128,190 / 220,1bc14a33-5d72-4b18-a492-1d94d0eba76d,Female,HALF MARATHON,[img:flags/PH.gif],03:59:49.631,03:46:18.610,5.5 Km/Hr,10:43 min/km,21.1 KM
190,1057 / 1128,191 / 220,1bc14a33-5d72-4b18-a492-1d94d0eba76d,Female,HALF MARATHON,[img:flags/SA.gif],04:00:47.577,03:47:22.699,5.5 Km/Hr,10:46 min/km,21.1 KM
191,1058 / 1128,192 / 220,1bc14a33-5d72-4b18-a492-1d94d0eba76d,Female,HALF MARATHON,[img:flags/SA.gif],04:01:20.510,03:48:08.244,5.5 Km/Hr,10:48 min/km,21.1 KM
192,1059 / 1128,193 / 220,1bc14a33-5d72-4b18-a492-1d94d0eba76d,Female,HALF MARATHON,[img:flags/PS.gif],04:01:34.597,03:48:22.255,5.5 Km/Hr,10:49 min/km,21.1 KM
193,1065 / 1128,194 / 220,1bc14a33-5d72-4b18-a492-1d94d0eba76d,Female,HALF MARATHON,[img:flags/SA.gif],04:03:19.707,03:50:05.347,5.5 Km/Hr,10:54 min/km,21.1 KM
194,1069 / 1128,195 / 220,1bc14a33-5d72-4b18-a492-1d94d0eba76d,Female,HALF MARATHON,[img:flags/YE.gif],04:04:39.989,03:51:22.495,5.4 Km/Hr,10:57 min/km,21.1 KM
195,1072 / 1128,196 / 220,1bc14a33-5d72-4b18-a492-1d94d0eba76d,Female,HALF MARATHON,[img:flags/SA.gif],04:21:39.431,03:52:15.296,5.4 Km/Hr,11:00 min/km,21.1 KM
196,1073 / 1128,197 / 220,1bc14a33-5d72-4b18-a492-1d94d0eba76d,Female,HALF MARATHON,[img:flags/PH.gif],04:24:12.706,03:53:22.550,5.4 Km/Hr,11:03 min/km,21.1 KM
197,1074 / 1128,198 / 220,1bc14a33-5d72-4b18-a492-1d94d0eba76d,Female,HALF MARATHON,[img:flags/SA.gif],04:36:13.273,03:54:08.895,5.4 Km/Hr,11:05 min/km,21.1 KM
198,1075 / 1128,199 / 220,1bc14a33-5d72-4b18-a492-1d94d0eba76d,Female,HALF MARATHON,[img:flags/SA.gif],04:12:34.749,03:54:22.831,5.4 Km/Hr,11:06 min/km,21.1 KM
199,1081 / 1128,200 / 220,1bc14a33-5d72-4b18-a492-1d94d0eba76d,Female,HALF MARATHON,[img:flags/SA.gif],04:25:18.952,04:00:29.021,5.2 Km/Hr,11:23 min/km,21.1 KM
200,1082 / 1128,201 / 220,1bc14a33-5d72-4b18-a492-1d94d0eba76d,Female,HALF MARATHON,[img:flags/SA.gif],04:20:44.201,04:02:40.084,5.2 Km/Hr,11:30 min/km,21.1 KM
201,1085 / 1128,202 / 220,1bc14a33-5d72-4b18-a492-1d94d0eba76d,Female,HALF MARATHON,[img:flags/YE.gif],04:16:41.670,04:03:17.791,5.2 Km/Hr,11:31 min/km,21.1 KM
202,1087 / 1128,203 / 220,1bc14a33-5d72-4b18-a492-1d94d0eba76d,Female,HALF MARATHON,[img:flags/SA.gif],04:26:09.656,04:06:53.452,5.1 Km/Hr,11:42 min/km,21.1 KM
203,1091 / 1128,204 / 220,1bc14a33-5d72-4b18-a492-1d94d0eba76d,Female,HALF MARATHON,[img:flags/SA.gif],04:21:30.710,04:08:05.151,5.1 Km/Hr,11:45 min/km,21.1 KM
204,1095 / 1128,205 / 220,1bc14a33-5d72-4b18-a492-1d94d0eba76d,Female,HALF MARATHON,[img:flags/SA.gif],04:11:23.892,04:11:23.892,5.0 Km/Hr,11:54 min/km,21.1 KM
205,1098 / 1128,206 / 220,1bc14a33-5d72-4b18-a492-1d94d0eba76d,Female,HALF MARATHON,[img:flags/SA.gif],04:42:53.344,04:16:34.981,4.9 Km/Hr,12:09 min/km,21.1 KM
206,1100 / 1128,207 / 220,1bc14a33-5d72-4b18-a492-1d94d0eba76d,Female,HALF MARATHON,[img:flags/SA.gif],04:38:08.809,04:17:51.293,4.9 Km/Hr,12:13 min/km,21.1 KM
207,1101 / 1128,208 / 220,1bc14a33-5d72-4b18-a492-1d94d0eba76d,Female,HALF MARATHON,[img:flags/PH.gif],04:49:54.007,04:19:03.649,4.8 Km/Hr,12:16 min/km,21.1 KM
208,1102 / 1128,209 / 220,1bc14a33-5d72-4b18-a492-1d94d0eba76d,Female,HALF MARATHON,[img:flags/SA.gif],04:32:50.332,04:19:32.323,4.8 Km/Hr,12:18 min/km,21.1 KM
209,1109 / 1128,210 / 220,1bc14a33-5d72-4b18-a492-1d94d0eba76d,Female,HALF MARATHON,[img:flags/SA.gif],04:49:21.869,04:26:48.338,4.7 Km/Hr,12:38 min/km,21.1 KM
210,1110 / 1128,211 / 220,1bc14a33-5d72-4b18-a492-1d94d0eba76d,Female,HALF MARATHON,[img:flags/SA.gif],04:49:28.849,04:26:54.939,4.7 Km/Hr,12:39 min/km,21.1 KM
211,1112 / 1128,212 / 220,1bc14a33-5d72-4b18-a492-1d94d0eba76d,Female,HALF MARATHON,[img:flags/SA.gif],04:44:17.251,04:31:19.363,4.6 Km/Hr,12:51 min/km,21.1 KM
212,1115 / 1128,213 / 220,1bc14a33-5d72-4b18-a492-1d94d0eba76d,Female,HALF MARATHON,[img:flags/SA.gif],05:15:37.018,04:42:55.260,4.4 Km/Hr,13:24 min/km,21.1 KM
213,1116 / 1128,214 / 220,1bc14a33-5d72-4b18-a492-1d94d0eba76d,Female,HALF MARATHON,[img:flags/SA.gif],05:15:38.268,04:42:56.789,4.4 Km/Hr,13:24 min/km,21.1 KM
214,1117 / 1128,215 / 220,1bc14a33-5d72-4b18-a492-1d94d0eba76d,Female,HALF MARATHON,[img:flags/SA.gif],05:21:41.872,04:43:49.669,4.4 Km/Hr,13:27 min/km,21.1 KM
215,1118 / 1128,216 / 220,1bc14a33-5d72-4b18-a492-1d94d0eba76d,Female,HALF MARATHON,[img:flags/SA.gif],05:21:42.785,04:43:52.373,4.4 Km/Hr,13:27 min/km,21.1 KM
216,1121 / 1128,217 / 220,1bc14a33-5d72-4b18-a492-1d94d0eba76d,Female,HALF MARATHON,[img:flags/SA.gif],05:10:48.561,04:50:31.186,4.3 Km/Hr,13:46 min/km,21.1 KM
217,1122 / 1128,218 / 220,1bc14a33-5d72-4b18-a492-1d94d0eba76d,Female,HALF MARATHON,[img:flags/SA.gif],05:04:28.602,04:52:25.447,4.3 Km/Hr,13:51 min/km,21.1 KM
218,1127 / 1128,219 / 220,1bc14a33-5d72-4b18-a492-1d94d0eba76d,Female,HALF MARATHON,[img:flags/SA.gif],05:25:27.954,05:25:27.954,3.8 Km/Hr,15:25 min/km,21.1 KM
219,1128 / 1128,220 / 220,1bc14a33-5d72-4b18-a492-1d94d0eba76d,Female,HALF MARATHON,[img:flags/SA.gif],05:42:30.528,05:42:30.528,3.6 Km/Hr,16:13 min/km,21.1 KM
220,-,-,1bc14a33-5d72-4b18-a492-1d94d0eba76d,Female,HALF MARATHON,[img:flags/YE.gif],[22526.31|hh:mm:ss],,,,20 KM
221,-,-,1bc14a33-5d72-4b18-a492-1d94d0eba76d,Female,HALF MARATHON,[img:flags/SA.gif],[22526.31|hh:mm:ss],,,,15 KM
222,-,-,1bc14a33-5d72-4b18-a492-1d94d0eba76d,Female,HALF MARATHON,[img:flags/SA.gif],[22526.31|hh:mm:ss],,,,15 KM
223,-,-,1bc14a33-5d72-4b18-a492-1d94d0eba76d,Female,HALF MARATHON,[img:flags/SA.gif],[22526.31|hh:mm:ss],,,,10 KM
224,-,-,1bc14a33-5d72-4b18-a492-1d94d0eba76d,Female,HALF MARATHON,[img:flags/SA.gif],[22526.31|hh:mm:ss],,,,10 KM
225,-,-,1bc14a33-5d72-4b18-a492-1d94d0eba76d,Female,HALF MARATHON,[img:flags/SA.gif],[22526.31|hh:mm:ss],,,,10 KM
226,-,-,1bc14a33-5d72-4b18-a492-1d94d0eba76d,Female,HALF MARATHON,[img:flags/SA.gif],[22526.31|hh:mm:ss],,,,10 KM
227,-,-,1bc14a33-5d72-4b18-a492-1d94d0eba76d,Female,HALF MARATHON,[img:flags/SA.gif],04:10:10.411,04:10:10.411,5.0 Km/Hr,11:51 min/km,21.1 KM
228,-,-,1bc14a33-5d72-4b18-a492-1d94d0eba76d,Female,HALF MARATHON,[img:flags/SA.gif],04:17:13.339,04:17:13.339,4.9 Km/Hr,12:11 min/km,21.1 KM
229,-,-,1bc14a33-5d72-4b18-a492-1d94d0eba76d,Female,HALF MARATHON,[img:flags/SA.gif],04:31:29.060,04:31:29.060,4.6 Km/Hr,12:51 min/km,21.1 KM
230,-,-,1bc14a33-5d72-4b18-a492-1d94d0eba76d,Female,HALF MARATHON,[img:flags/SA.gif],04:31:34.560,04:31:34.560,4.6 Km/Hr,12:52 min/km,21.1 KM
231,-,-,1bc14a33-5d72-4b18-a492-1d94d0eba76d,Female,HALF MARATHON,[img:flags/SA.gif],04:36:22.018,04:36:22.018,4.5 Km/Hr,13:05 min/km,21.1 KM
232,-,-,1bc14a33-5d72-4b18-a492-1d94d0eba76d,Female,HALF MARATHON,,04:41:28.887,04:41:28.887,4.4 Km/Hr,13:20 min/km,21.1 KM
