,Rank,Gender Rank,Name,Gender,Category,Nationality,Gun Time,Chip Time,Speed,Pace,Distance
0,1 / 373,1 / 326,110903c1-ce66-4b6c-b35f-bfc2ed3fdb23,Male,MARATHON,[img:flags/KE.gif],02:29:30.477,02:17:44.035,18.3 Km/Hr,3:15 min/km,42.2 KM
1,2 / 373,2 / 326,110903c1-ce66-4b6c-b35f-bfc2ed3fdb23,Male,MARATHON,[img:flags/KE.gif],02:32:55.041,02:21:08.599,17.9 Km/Hr,3:20 min/km,42.2 KM
2,3 / 373,3 / 326,110903c1-ce66-4b6c-b35f-bfc2ed3fdb23,Male,MARATHON,[img:flags/SA.gif],02:28:56.226,02:28:51.408,17.0 Km/Hr,3:31 min/km,42.2 KM
3,4 / 373,4 / 326,110903c1-ce66-4b6c-b35f-bfc2ed3fdb23,Male,MARATHON,[img:flags/SA.gif],02:31:48.639,02:31:44.038,16.6 Km/Hr,3:35 min/km,42.2 KM
4,5 / 373,5 / 326,110903c1-ce66-4b6c-b35f-bfc2ed3fdb23,Male,MARATHON,[img:flags/SA.gif],02:46:59.933,02:46:54.932,15.1 Km/Hr,3:57 min/km,42.2 KM
5,6 / 373,6 / 326,110903c1-ce66-4b6c-b35f-bfc2ed3fdb23,Male,MARATHON,[img:flags/SA.gif],03:01:09.045,02:48:32.519,15.0 Km/Hr,3:59 min/km,42.2 KM
6,7 / 373,7 / 326,110903c1-ce66-4b6c-b35f-bfc2ed3fdb23,Male,MARATHON,[img:flags/DZ.gif],03:01:08.946,02:48:58.200,14.9 Km/Hr,4:00 min/km,42.2 KM
7,8 / 373,8 / 326,110903c1-ce66-4b6c-b35f-bfc2ed3fdb23,Male,MARATHON,[img:flags/SA.gif],03:07:52.699,02:55:42.253,14.4 Km/Hr,4:09 min/km,42.2 KM
8,9 / 373,9 / 326,110903c1-ce66-4b6c-b35f-bfc2ed3fdb23,Male,MARATHON,[img:flags/SA.gif],03:08:42.611,02:56:51.209,14.3 Km/Hr,4:11 min/km,42.2 KM
9,10 / 373,10 / 326,110903c1-ce66-4b6c-b35f-bfc2ed3fdb23,Male,MARATHON,[img:flags/CN.gif],03:12:30.163,02:59:59.765,14.0 Km/Hr,4:15 min/km,42.2 KM
10,12 / 373,11 / 326,110903c1-ce66-4b6c-b35f-bfc2ed3fdb23,Male,MARATHON,[img:flags/SA.gif],03:15:04.227,03:02:54.004,13.8 Km/Hr,4:20 min/km,42.2 KM
11,13 / 373,12 / 326,110903c1-ce66-4b6c-b35f-bfc2ed3fdb23,Male,MARATHON,[img:flags/SA.gif],03:04:43.236,03:04:38.840,13.7 Km/Hr,4:22 min/km,42.2 KM
12,14 / 373,13 / 326,110903c1-ce66-4b6c-b35f-bfc2ed3fdb23,Male,MARATHON,[img:flags/SA.gif],03:17:09.213,03:05:16.356,13.6 Km/Hr,4:23 min/km,42.2 KM
13,15 / 373,14 / 326,110903c1-ce66-4b6c-b35f-bfc2ed3fdb23,Male,MARATHON,[img:flags/SA.gif],03:17:23.113,03:05:31.475,13.6 Km/Hr,4:23 min/km,42.2 KM
14,16 / 373,15 / 326,110903c1-ce66-4b6c-b35f-bfc2ed3fdb23,Male,MARATHON,[img:flags/SA.gif],03:18:26.846,03:06:32.660,13.5 Km/Hr,4:25 min/km,42.2 KM
15,17 / 373,16 / 326,110903c1-ce66-4b6c-b35f-bfc2ed3fdb23,Male,MARATHON,[img:flags/SA.gif],03:19:31.175,03:06:43.795,13.5 Km/Hr,4:25 min/km,42.2 KM
16,18 / 373,17 / 326,110903c1-ce66-4b6c-b35f-bfc2ed3fdb23,Male,MARATHON,[img:flags/TD.gif],03:17:11.873,03:07:35.157,13.4 Km/Hr,4:26 min/km,42.2 KM
17,19 / 373,18 / 326,110903c1-ce66-4b6c-b35f-bfc2ed3fdb23,Male,MARATHON,[img:flags/EG.gif],03:22:06.776,03:10:12.370,13.3 Km/Hr,4:30 min/km,42.2 KM
18,20 / 373,19 / 326,110903c1-ce66-4b6c-b35f-bfc2ed3fdb23,Male,MARATHON,[img:flags/PH.gif],03:28:08.630,03:10:48.848,13.2 Km/Hr,4:31 min/km,42.2 KM
19,21 / 373,20 / 326,110903c1-ce66-4b6c-b35f-bfc2ed3fdb23,Male,MARATHON,[img:flags/SA.gif],03:23:28.998,03:11:40.078,13.2 Km/Hr,4:32 min/km,42.2 KM
20,22 / 373,21 / 326,110903c1-ce66-4b6c-b35f-bfc2ed3fdb23,Male,MARATHON,[img:flags/FI.gif],03:25:51.560,03:13:57.273,13.0 Km/Hr,4:35 min/km,42.2 KM
21,23 / 373,22 / 326,110903c1-ce66-4b6c-b35f-bfc2ed3fdb23,Male,MARATHON,[img:flags/SA.gif],03:27:09.457,03:14:57.649,12.9 Km/Hr,4:37 min/km,42.2 KM
22,24 / 373,23 / 326,110903c1-ce66-4b6c-b35f-bfc2ed3fdb23,Male,MARATHON,[img:flags/AE.gif],03:29:04.815,03:16:03.938,12.9 Km/Hr,4:38 min/km,42.2 KM
23,25 / 373,24 / 326,110903c1-ce66-4b6c-b35f-bfc2ed3fdb23,Male,MARATHON,[img:flags/SA.gif],03:30:00.807,03:16:46.308,12.8 Km/Hr,4:39 min/km,42.2 KM
24,26 / 373,25 / 326,110903c1-ce66-4b6c-b35f-bfc2ed3fdb23,Male,MARATHON,[img:flags/PH.gif],03:34:03.663,03:18:03.823,12.7 Km/Hr,4:41 min/km,42.2 KM
25,27 / 373,26 / 326,110903c1-ce66-4b6c-b35f-bfc2ed3fdb23,Male,MARATHON,[img:flags/SA.gif],03:31:21.380,03:19:16.783,12.7 Km/Hr,4:43 min/km,42.2 KM
26,28 / 373,27 / 326,110903c1-ce66-4b6c-b35f-bfc2ed3fdb23,Male,MARATHON,[img:flags/DZ.gif],03:33:11.985,03:19:38.506,12.6 Km/Hr,4:43 min/km,42.2 KM
27,29 / 373,28 / 326,110903c1-ce66-4b6c-b35f-bfc2ed3fdb23,Male,MARATHON,[img:flags/ML.gif],03:32:37.780,03:19:51.936,12.6 Km/Hr,4:44 min/km,42.2 KM
28,30 / 373,29 / 326,110903c1-ce66-4b6c-b35f-bfc2ed3fdb23,Male,MARATHON,[img:flags/SA.gif],03:33:08.735,03:21:03.645,12.5 Km/Hr,4:45 min/km,42.2 KM
29,31 / 373,30 / 326,110903c1-ce66-4b6c-b35f-bfc2ed3fdb23,Male,MARATHON,[img:flags/SA.gif],03:34:01.873,03:21:34.136,12.5 Km/Hr,4:46 min/km,42.2 KM
30,32 / 373,31 / 326,110903c1-ce66-4b6c-b35f-bfc2ed3fdb23,Male,MARATHON,[img:flags/SA.gif],03:35:04.984,03:23:13.729,12.4 Km/Hr,4:48 min/km,42.2 KM
31,33 / 373,32 / 326,110903c1-ce66-4b6c-b35f-bfc2ed3fdb23,Male,MARATHON,[img:flags/SA.gif],03:38:37.100,03:26:33.100,12.2 Km/Hr,4:53 min/km,42.2 KM
32,34 / 373,33 / 326,110903c1-ce66-4b6c-b35f-bfc2ed3fdb23,Male,MARATHON,[img:flags/SA.gif],03:44:07.061,03:28:49.517,12.1 Km/Hr,4:56 min/km,42.2 KM
33,35 / 373,34 / 326,110903c1-ce66-4b6c-b35f-bfc2ed3fdb23,Male,MARATHON,[img:flags/FR.gif],03:41:24.955,03:29:22.118,12.0 Km/Hr,4:57 min/km,42.2 KM
34,36 / 373,35 / 326,110903c1-ce66-4b6c-b35f-bfc2ed3fdb23,Male,MARATHON,[img:flags/SA.gif],03:41:52.764,03:29:48.882,12.0 Km/Hr,4:58 min/km,42.2 KM
35,37 / 373,36 / 326,110903c1-ce66-4b6c-b35f-bfc2ed3fdb23,Male,MARATHON,[img:flags/AU.gif],03:43:19.756,03:29:55.458,12.0 Km/Hr,4:58 min/km,42.2 KM
36,38 / 373,37 / 326,110903c1-ce66-4b6c-b35f-bfc2ed3fdb23,Male,MARATHON,[img:flags/ML.gif],03:42:02.035,03:29:58.497,12.0 Km/Hr,4:58 min/km,42.2 KM
37,39 / 373,38 / 326,110903c1-ce66-4b6c-b35f-bfc2ed3fdb23,Male,MARATHON,[img:flags/GB.gif],03:42:25.716,03:30:26.760,12.0 Km/Hr,4:59 min/km,42.2 KM
38,41 / 373,39 / 326,110903c1-ce66-4b6c-b35f-bfc2ed3fdb23,Male,MARATHON,[img:flags/IT.gif],03:43:32.624,03:31:36.918,11.9 Km/Hr,5:00 min/km,42.2 KM
39,42 / 373,40 / 326,110903c1-ce66-4b6c-b35f-bfc2ed3fdb23,Male,MARATHON,[img:flags/PL.gif],03:46:19.045,03:34:18.997,11.8 Km/Hr,5:04 min/km,42.2 KM
40,43 / 373,41 / 326,110903c1-ce66-4b6c-b35f-bfc2ed3fdb23,Male,MARATHON,,03:46:25.539,03:34:29.688,11.8 Km/Hr,5:04 min/km,42.2 KM
41,44 / 373,42 / 326,110903c1-ce66-4b6c-b35f-bfc2ed3fdb23,Male,MARATHON,[img:flags/GB.gif],03:47:07.898,03:34:46.769,11.7 Km/Hr,5:05 min/km,42.2 KM
42,45 / 373,43 / 326,110903c1-ce66-4b6c-b35f-bfc2ed3fdb23,Male,MARATHON,[img:flags/SA.gif],03:48:38.904,03:36:32.744,11.6 Km/Hr,5:07 min/km,42.2 KM
43,46 / 373,44 / 326,110903c1-ce66-4b6c-b35f-bfc2ed3fdb23,Male,MARATHON,[img:flags/ZA.gif],03:48:29.893,03:36:41.617,11.6 Km/Hr,5:08 min/km,42.2 KM
44,47 / 373,45 / 326,110903c1-ce66-4b6c-b35f-bfc2ed3fdb23,Male,MARATHON,[img:flags/CA.gif],03:49:48.379,03:37:45.646,11.6 Km/Hr,5:09 min/km,42.2 KM
45,48 / 373,46 / 326,110903c1-ce66-4b6c-b35f-bfc2ed3fdb23,Male,MARATHON,[img:flags/NZ.gif],03:50:43.990,03:38:52.413,11.5 Km/Hr,5:11 min/km,42.2 KM
46,49 / 373,47 / 326,110903c1-ce66-4b6c-b35f-bfc2ed3fdb23,Male,MARATHON,[img:flags/LB.gif],03:52:12.039,03:39:21.617,11.5 Km/Hr,5:11 min/km,42.2 KM
47,50 / 373,48 / 326,110903c1-ce66-4b6c-b35f-bfc2ed3fdb23,Male,MARATHON,[img:flags/FR.gif],03:51:43.511,03:39:42.324,11.5 Km/Hr,5:12 min/km,42.2 KM
48,51 / 373,49 / 326,110903c1-ce66-4b6c-b35f-bfc2ed3fdb23,Male,MARATHON,[img:flags/EG.gif],03:57:19.248,03:42:37.532,11.3 Km/Hr,5:16 min/km,42.2 KM
49,52 / 373,50 / 326,110903c1-ce66-4b6c-b35f-bfc2ed3fdb23,Male,MARATHON,[img:flags/SA.gif],03:56:56.677,03:43:17.078,11.3 Km/Hr,5:17 min/km,42.2 KM
50,53 / 373,51 / 326,110903c1-ce66-4b6c-b35f-bfc2ed3fdb23,Male,MARATHON,[img:flags/DE.gif],03:56:00.415,03:43:38.004,11.3 Km/Hr,5:17 min/km,42.2 KM
51,54 / 373,52 / 326,110903c1-ce66-4b6c-b35f-bfc2ed3fdb23,Male,MARATHON,[img:flags/UA.gif],03:56:18.211,03:44:24.285,11.2 Km/Hr,5:19 min/km,42.2 KM
52,55 / 373,53 / 326,110903c1-ce66-4b6c-b35f-bfc2ed3fdb23,Male,MARATHON,[img:flags/SA.gif],03:56:46.890,03:44:49.207,11.2 Km/Hr,5:19 min/km,42.2 KM
53,56 / 373,54 / 326,110903c1-ce66-4b6c-b35f-bfc2ed3fdb23,Male,MARATHON,[img:flags/YE.gif],03:57:41.931,03:45:33.304,11.2 Km/Hr,5:20 min/km,42.2 KM
54,57 / 373,55 / 326,110903c1-ce66-4b6c-b35f-bfc2ed3fdb23,Male,MARATHON,[img:flags/RU.gif],03:58:04.022,03:45:48.599,11.2 Km/Hr,5:21 min/km,42.2 KM
55,58 / 373,56 / 326,110903c1-ce66-4b6c-b35f-bfc2ed3fdb23,Male,MARATHON,[img:flags/SA.gif],03:58:36.799,03:46:09.245,11.1 Km/Hr,5:21 min/km,42.2 KM
56,59 / 373,57 / 326,110903c1-ce66-4b6c-b35f-bfc2ed3fdb23,Male,MARATHON,,03:59:57.950,03:47:48.663,11.1 Km/Hr,5:23 min/km,42.2 KM
57,60 / 373,58 / 326,110903c1-ce66-4b6c-b35f-bfc2ed3fdb23,Male,MARATHON,[img:flags/ZA.gif],04:01:00.237,03:48:19.157,11.0 Km/Hr,5:24 min/km,42.2 KM
58,61 / 373,59 / 326,110903c1-ce66-4b6c-b35f-bfc2ed3fdb23,Male,MARATHON,[img:flags/SA.gif],04:01:25.757,03:48:37.839,11.0 Km/Hr,5:25 min/km,42.2 KM
59,62 / 373,60 / 326,110903c1-ce66-4b6c-b35f-bfc2ed3fdb23,Male,MARATHON,[img:flags/PH.gif],04:05:43.922,03:48:48.700,11.0 Km/Hr,5:25 min/km,42.2 KM
60,63 / 373,61 / 326,110903c1-ce66-4b6c-b35f-bfc2ed3fdb23,Male,MARATHON,[img:flags/EG.gif],04:01:30.531,03:48:51.672,11.0 Km/Hr,5:25 min/km,42.2 KM
61,64 / 373,62 / 326,110903c1-ce66-4b6c-b35f-bfc2ed3fdb23,Male,MARATHON,[img:flags/SA.gif],04:01:09.277,03:49:04.681,11.0 Km/Hr,5:25 min/km,42.2 KM
62,65 / 373,63 / 326,110903c1-ce66-4b6c-b35f-bfc2ed3fdb23,Male,MARATHON,,04:01:14.861,03:49:07.402,11.0 Km/Hr,5:25 min/km,42.2 KM
63,66 / 373,64 / 326,110903c1-ce66-4b6c-b35f-bfc2ed3fdb23,Male,MARATHON,[img:flags/SA.gif],04:02:43.412,03:50:33.198,10.9 Km/Hr,5:27 min/km,42.2 KM
64,67 / 373,65 / 326,110903c1-ce66-4b6c-b35f-bfc2ed3fdb23,Male,MARATHON,[img:flags/SA.gif],04:06:36.066,03:50:53.027,10.9 Km/Hr,5:28 min/km,42.2 KM
65,68 / 373,66 / 326,110903c1-ce66-4b6c-b35f-bfc2ed3fdb23,Male,MARATHON,[img:flags/SA.gif],04:03:52.261,03:51:32.774,10.9 Km/Hr,5:29 min/km,42.2 KM
66,69 / 373,67 / 326,110903c1-ce66-4b6c-b35f-bfc2ed3fdb23,Male,MARATHON,[img:flags/SA.gif],04:03:52.259,03:51:32.972,10.9 Km/Hr,5:29 min/km,42.2 KM
67,70 / 373,68 / 326,110903c1-ce66-4b6c-b35f-bfc2ed3fdb23,Male,MARATHON,[img:flags/FR.gif],04:03:38.350,03:51:47.692,10.9 Km/Hr,5:29 min/km,42.2 KM
68,71 / 373,69 / 326,110903c1-ce66-4b6c-b35f-bfc2ed3fdb23,Male,MARATHON,[img:flags/SA.gif],04:09:21.629,03:51:59.408,10.9 Km/Hr,5:29 min/km,42.2 KM
69,72 / 373,70 / 326,110903c1-ce66-4b6c-b35f-bfc2ed3fdb23,Male,MARATHON,[img:flags/SA.gif],04:04:47.352,03:52:38.400,10.8 Km/Hr,5:30 min/km,42.2 KM
70,73 / 373,71 / 326,110903c1-ce66-4b6c-b35f-bfc2ed3fdb23,Male,MARATHON,[img:flags/SA.gif],04:05:32.824,03:53:37.676,10.8 Km/Hr,5:32 min/km,42.2 KM
71,74 / 373,72 / 326,110903c1-ce66-4b6c-b35f-bfc2ed3fdb23,Male,MARATHON,[img:flags/JO.gif],04:13:19.662,03:54:20.242,10.8 Km/Hr,5:33 min/km,42.2 KM
72,75 / 373,73 / 326,110903c1-ce66-4b6c-b35f-bfc2ed3fdb23,Male,MARATHON,[img:flags/SA.gif],04:06:41.747,03:54:34.686,10.7 Km/Hr,5:33 min/km,42.2 KM
73,76 / 373,74 / 326,110903c1-ce66-4b6c-b35f-bfc2ed3fdb23,Male,MARATHON,[img:flags/LY.gif],04:06:41.337,03:54:47.148,10.7 Km/Hr,5:33 min/km,42.2 KM
74,77 / 373,75 / 326,110903c1-ce66-4b6c-b35f-bfc2ed3fdb23,Male,MARATHON,[img:flags/GB.gif],04:08:58.649,03:56:37.299,10.7 Km/Hr,5:36 min/km,42.2 KM
75,78 / 373,76 / 326,110903c1-ce66-4b6c-b35f-bfc2ed3fdb23,Male,MARATHON,[img:flags/FR.gif],04:09:08.328,03:57:06.534,10.6 Km/Hr,5:37 min/km,42.2 KM
76,79 / 373,77 / 326,110903c1-ce66-4b6c-b35f-bfc2ed3fdb23,Male,MARATHON,[img:flags/PH.gif],04:13:46.316,03:57:58.950,10.6 Km/Hr,5:38 min/km,42.2 KM
77,80 / 373,78 / 326,110903c1-ce66-4b6c-b35f-bfc2ed3fdb23,Male,MARATHON,[img:flags/ES.gif],04:13:44.786,03:58:00.386,10.6 Km/Hr,5:38 min/km,42.2 KM
78,81 / 373,79 / 326,110903c1-ce66-4b6c-b35f-bfc2ed3fdb23,Male,MARATHON,[img:flags/ID.gif],04:10:14.425,03:58:20.626,10.6 Km/Hr,5:38 min/km,42.2 KM
79,82 / 373,80 / 326,110903c1-ce66-4b6c-b35f-bfc2ed3fdb23,Male,MARATHON,[img:flags/BG.gif],04:10:36.134,03:58:41.187,10.6 Km/Hr,5:39 min/km,42.2 KM
80,84 / 373,81 / 326,110903c1-ce66-4b6c-b35f-bfc2ed3fdb23,Male,MARATHON,[img:flags/EG.gif],04:12:10.470,03:59:15.081,10.5 Km/Hr,5:40 min/km,42.2 KM
81,85 / 373,82 / 326,110903c1-ce66-4b6c-b35f-bfc2ed3fdb23,Male,MARATHON,[img:flags/SA.gif],04:13:01.294,03:59:52.613,10.5 Km/Hr,5:41 min/km,42.2 KM
82,86 / 373,83 / 326,110903c1-ce66-4b6c-b35f-bfc2ed3fdb23,Male,MARATHON,[img:flags/SA.gif],04:13:14.014,04:00:09.932,10.5 Km/Hr,5:41 min/km,42.2 KM
83,87 / 373,84 / 326,110903c1-ce66-4b6c-b35f-bfc2ed3fdb23,Male,MARATHON,[img:flags/GB.gif],04:13:07.328,04:00:58.941,10.5 Km/Hr,5:42 min/km,42.2 KM
84,88 / 373,85 / 326,110903c1-ce66-4b6c-b35f-bfc2ed3fdb23,Male,MARATHON,[img:flags/SO.gif],04:14:25.517,04:01:16.139,10.4 Km/Hr,5:43 min/km,42.2 KM
85,89 / 373,86 / 326,110903c1-ce66-4b6c-b35f-bfc2ed3fdb23,Male,MARATHON,[img:flags/GB.gif],04:14:46.757,04:02:32.102,10.4 Km/Hr,5:44 min/km,42.2 KM
86,90 / 373,87 / 326,110903c1-ce66-4b6c-b35f-bfc2ed3fdb23,Male,MARATHON,[img:flags/SA.gif],04:15:46.214,04:02:56.217,10.4 Km/Hr,5:45 min/km,42.2 KM
87,91 / 373,88 / 326,110903c1-ce66-4b6c-b35f-bfc2ed3fdb23,Male,MARATHON,,04:15:24.497,04:03:03.650,10.4 Km/Hr,5:45 min/km,42.2 KM
88,92 / 373,89 / 326,110903c1-ce66-4b6c-b35f-bfc2ed3fdb23,Male,MARATHON,[img:flags/SA.gif],04:15:22.294,04:03:07.502,10.4 Km/Hr,5:45 min/km,42.2 KM
89,93 / 373,90 / 326,110903c1-ce66-4b6c-b35f-bfc2ed3fdb23,Male,MARATHON,[img:flags/LB.gif],04:15:48.719,04:03:09.462,10.4 Km/Hr,5:45 min/km,42.2 KM
90,94 / 373,91 / 326,110903c1-ce66-4b6c-b35f-bfc2ed3fdb23,Male,MARATHON,,04:15:50.036,04:03:13.685,10.4 Km/Hr,5:45 min/km,42.2 KM
91,95 / 373,92 / 326,110903c1-ce66-4b6c-b35f-bfc2ed3fdb23,Male,MARATHON,[img:flags/PH.gif],04:15:48.218,04:04:00.903,10.3 Km/Hr,5:46 min/km,42.2 KM
92,96 / 373,93 / 326,110903c1-ce66-4b6c-b35f-bfc2ed3fdb23,Male,MARATHON,[img:flags/RO.gif],04:20:57.109,04:04:23.313,10.3 Km/Hr,5:47 min/km,42.2 KM
93,97 / 373,94 / 326,110903c1-ce66-4b6c-b35f-bfc2ed3fdb23,Male,MARATHON,[img:flags/CA.gif],04:18:01.597,04:04:52.459,10.3 Km/Hr,5:48 min/km,42.2 KM
94,98 / 373,95 / 326,110903c1-ce66-4b6c-b35f-bfc2ed3fdb23,Male,MARATHON,[img:flags/FR.gif],04:17:24.976,04:05:21.820,10.3 Km/Hr,5:48 min/km,42.2 KM
95,99 / 373,96 / 326,110903c1-ce66-4b6c-b35f-bfc2ed3fdb23,Male,MARATHON,[img:flags/FR.gif],04:17:23.287,04:05:27.140,10.3 Km/Hr,5:48 min/km,42.2 KM
96,100 / 373,97 / 326,110903c1-ce66-4b6c-b35f-bfc2ed3fdb23,Male,MARATHON,[img:flags/AU.gif],04:18:51.114,04:05:27.433,10.3 Km/Hr,5:48 min/km,42.2 KM
97,101 / 373,98 / 326,110903c1-ce66-4b6c-b35f-bfc2ed3fdb23,Male,MARATHON,[img:flags/GB.gif],04:18:22.133,04:05:31.814,10.3 Km/Hr,5:49 min/km,42.2 KM
98,102 / 373,99 / 326,110903c1-ce66-4b6c-b35f-bfc2ed3fdb23,Male,MARATHON,[img:flags/SA.gif],04:18:52.480,04:05:57.929,10.2 Km/Hr,5:49 min/km,42.2 KM
99,103 / 373,100 / 326,110903c1-ce66-4b6c-b35f-bfc2ed3fdb23,Male,MARATHON,[img:flags/GB.gif],04:18:10.738,04:06:18.423,10.2 Km/Hr,5:50 min/km,42.2 KM
100,105 / 373,101 / 326,110903c1-ce66-4b6c-b35f-bfc2ed3fdb23,Male,MARATHON,[img:flags/CA.gif],04:19:34.241,04:06:52.343,10.2 Km/Hr,5:51 min/km,42.2 KM
101,106 / 373,102 / 326,110903c1-ce66-4b6c-b35f-bfc2ed3fdb23,Male,MARATHON,[img:flags/SA.gif],04:18:51.799,04:06:54.390,10.2 Km/Hr,5:51 min/km,42.2 KM
102,107 / 373,103 / 326,110903c1-ce66-4b6c-b35f-bfc2ed3fdb23,Male,MARATHON,[img:flags/GB.gif],04:19:15.223,04:07:08.307,10.2 Km/Hr,5:51 min/km,42.2 KM
103,109 / 373,104 / 326,110903c1-ce66-4b6c-b35f-bfc2ed3fdb23,Male,MARATHON,[img:flags/SA.gif],04:24:21.292,04:08:49.628,10.1 Km/Hr,5:53 min/km,42.2 KM
104,110 / 373,105 / 326,110903c1-ce66-4b6c-b35f-bfc2ed3fdb23,Male,MARATHON,[img:flags/GB.gif],04:24:55.130,04:09:47.410,10.1 Km/Hr,5:55 min/km,42.2 KM
105,111 / 373,106 / 326,110903c1-ce66-4b6c-b35f-bfc2ed3fdb23,Male,MARATHON,[img:flags/ZA.gif],04:22:03.235,04:10:06.208,10.1 Km/Hr,5:55 min/km,42.2 KM
106,113 / 373,107 / 326,110903c1-ce66-4b6c-b35f-bfc2ed3fdb23,Male,MARATHON,[img:flags/GB.gif],04:22:26.825,04:10:21.545,10.1 Km/Hr,5:55 min/km,42.2 KM
107,114 / 373,108 / 326,110903c1-ce66-4b6c-b35f-bfc2ed3fdb23,Male,MARATHON,[img:flags/SA.gif],04:22:41.331,04:10:21.883,10.1 Km/Hr,5:55 min/km,42.2 KM
108,115 / 373,109 / 326,110903c1-ce66-4b6c-b35f-bfc2ed3fdb23,Male,MARATHON,[img:flags/PS.gif],04:22:44.114,04:10:54.395,10.0 Km/Hr,5:56 min/km,42.2 KM
109,116 / 373,110 / 326,110903c1-ce66-4b6c-b35f-bfc2ed3fdb23,Male,MARATHON,,04:22:46.066,04:10:55.134,10.0 Km/Hr,5:56 min/km,42.2 KM
110,117 / 373,111 / 326,110903c1-ce66-4b6c-b35f-bfc2ed3fdb23,Male,MARATHON,[img:flags/IT.gif],04:28:12.398,04:11:01.236,10.0 Km/Hr,5:56 min/km,42.2 KM
111,118 / 373,112 / 326,110903c1-ce66-4b6c-b35f-bfc2ed3fdb23,Male,MARATHON,[img:flags/SA.gif],04:25:51.694,04:11:10.635,10.0 Km/Hr,5:57 min/km,42.2 KM
112,119 / 373,113 / 326,110903c1-ce66-4b6c-b35f-bfc2ed3fdb23,Male,MARATHON,[img:flags/IN.gif],04:24:02.813,04:11:32.513,10.0 Km/Hr,5:57 min/km,42.2 KM
113,121 / 373,114 / 326,110903c1-ce66-4b6c-b35f-bfc2ed3fdb23,Male,MARATHON,[img:flags/SA.gif],04:27:03.607,04:12:13.483,10.0 Km/Hr,5:58 min/km,42.2 KM
114,122 / 373,115 / 326,110903c1-ce66-4b6c-b35f-bfc2ed3fdb23,Male,MARATHON,[img:flags/KZ.gif],04:24:57.054,04:12:33.863,10.0 Km/Hr,5:59 min/km,42.2 KM
115,123 / 373,116 / 326,110903c1-ce66-4b6c-b35f-bfc2ed3fdb23,Male,MARATHON,,04:25:55.975,04:13:17.053,9.9 Km/Hr,6:00 min/km,42.2 KM
116,124 / 373,117 / 326,110903c1-ce66-4b6c-b35f-bfc2ed3fdb23,Male,MARATHON,[img:flags/SA.gif],04:26:46.438,04:13:41.577,9.9 Km/Hr,6:00 min/km,42.2 KM
117,125 / 373,118 / 326,110903c1-ce66-4b6c-b35f-bfc2ed3fdb23,Male,MARATHON,[img:flags/GB.gif],04:26:50.056,04:14:54.986,9.9 Km/Hr,6:02 min/km,42.2 KM
118,126 / 373,119 / 326,110903c1-ce66-4b6c-b35f-bfc2ed3fdb23,Male,MARATHON,[img:flags/PH.gif],04:28:17.538,04:15:33.198,9.9 Km/Hr,6:03 min/km,42.2 KM
119,128 / 373,120 / 326,110903c1-ce66-4b6c-b35f-bfc2ed3fdb23,Male,MARATHON,,04:28:39.431,04:16:31.585,9.8 Km/Hr,6:04 min/km,42.2 KM
120,129 / 373,121 / 326,110903c1-ce66-4b6c-b35f-bfc2ed3fdb23,Male,MARATHON,[img:flags/SD.gif],04:30:07.153,04:16:50.514,9.8 Km/Hr,6:05 min/km,42.2 KM
121,130 / 373,122 / 326,110903c1-ce66-4b6c-b35f-bfc2ed3fdb23,Male,MARATHON,[img:flags/SA.gif],04:29:54.412,04:17:06.055,9.8 Km/Hr,6:05 min/km,42.2 KM
122,131 / 373,123 / 326,110903c1-ce66-4b6c-b35f-bfc2ed3fdb23,Male,MARATHON,[img:flags/SA.gif],04:31:14.840,04:17:36.101,9.8 Km/Hr,6:06 min/km,42.2 KM
123,132 / 373,124 / 326,110903c1-ce66-4b6c-b35f-bfc2ed3fdb23,Male,MARATHON,[img:flags/SA.gif],04:30:09.773,04:17:56.224,9.8 Km/Hr,6:06 min/km,42.2 KM
124,133 / 373,125 / 326,110903c1-ce66-4b6c-b35f-bfc2ed3fdb23,Male,MARATHON,[img:flags/SA.gif],04:29:56.900,04:18:04.159,9.8 Km/Hr,6:06 min/km,42.2 KM
125,134 / 373,126 / 326,110903c1-ce66-4b6c-b35f-bfc2ed3fdb23,Male,MARATHON,[img:flags/SA.gif],04:30:24.074,04:18:23.343,9.7 Km/Hr,6:07 min/km,42.2 KM
126,135 / 373,127 / 326,110903c1-ce66-4b6c-b35f-bfc2ed3fdb23,Male,MARATHON,[img:flags/PK.gif],04:31:27.395,04:18:48.675,9.7 Km/Hr,6:07 min/km,42.2 KM
127,136 / 373,128 / 326,110903c1-ce66-4b6c-b35f-bfc2ed3fdb23,Male,MARATHON,[img:flags/PS.gif],04:31:27.259,04:18:58.338,9.7 Km/Hr,6:08 min/km,42.2 KM
128,137 / 373,129 / 326,110903c1-ce66-4b6c-b35f-bfc2ed3fdb23,Male,MARATHON,[img:flags/PK.gif],04:31:45.530,04:19:06.668,9.7 Km/Hr,6:08 min/km,42.2 KM
129,138 / 373,130 / 326,110903c1-ce66-4b6c-b35f-bfc2ed3fdb23,Male,MARATHON,[img:flags/JP.gif],04:31:40.220,04:19:11.478,9.7 Km/Hr,6:08 min/km,42.2 KM
130,139 / 373,131 / 326,110903c1-ce66-4b6c-b35f-bfc2ed3fdb23,Male,MARATHON,[img:flags/GB.gif],04:31:48.071,04:19:16.711,9.7 Km/Hr,6:08 min/km,42.2 KM
131,140 / 373,132 / 326,110903c1-ce66-4b6c-b35f-bfc2ed3fdb23,Male,MARATHON,[img:flags/GB.gif],04:31:49.709,04:19:23.368,9.7 Km/Hr,6:08 min/km,42.2 KM
132,141 / 373,133 / 326,110903c1-ce66-4b6c-b35f-bfc2ed3fdb23,Male,MARATHON,[img:flags/SA.gif],04:32:21.791,04:19:24.920,9.7 Km/Hr,6:08 min/km,42.2 KM
133,142 / 373,134 / 326,110903c1-ce66-4b6c-b35f-bfc2ed3fdb23,Male,MARATHON,[img:flags/UA.gif],04:37:23.052,04:19:33.850,9.7 Km/Hr,6:09 min/km,42.2 KM
134,143 / 373,135 / 326,110903c1-ce66-4b6c-b35f-bfc2ed3fdb23,Male,MARATHON,[img:flags/GB.gif],04:31:43.904,04:19:48.919,9.7 Km/Hr,6:09 min/km,42.2 KM
135,144 / 373,136 / 326,110903c1-ce66-4b6c-b35f-bfc2ed3fdb23,Male,MARATHON,[img:flags/GB.gif],04:33:07.561,04:19:56.854,9.7 Km/Hr,6:09 min/km,42.2 KM
136,145 / 373,137 / 326,110903c1-ce66-4b6c-b35f-bfc2ed3fdb23,Male,MARATHON,[img:flags/IT.gif],04:44:03.491,04:20:31.681,9.7 Km/Hr,6:10 min/km,42.2 KM
137,147 / 373,138 / 326,110903c1-ce66-4b6c-b35f-bfc2ed3fdb23,Male,MARATHON,,04:32:35.835,04:20:43.778,9.7 Km/Hr,6:10 min/km,42.2 KM
138,148 / 373,139 / 326,110903c1-ce66-4b6c-b35f-bfc2ed3fdb23,Male,MARATHON,[img:flags/EG.gif],04:34:21.855,04:21:37.438,9.6 Km/Hr,6:11 min/km,42.2 KM
139,149 / 373,140 / 326,110903c1-ce66-4b6c-b35f-bfc2ed3fdb23,Male,MARATHON,[img:flags/CH.gif],04:33:48.645,04:21:37.878,9.6 Km/Hr,6:11 min/km,42.2 KM
140,150 / 373,141 / 326,110903c1-ce66-4b6c-b35f-bfc2ed3fdb23,Male,MARATHON,[img:flags/DE.gif],04:33:35.953,04:21:39.526,9.6 Km/Hr,6:12 min/km,42.2 KM
141,151 / 373,142 / 326,110903c1-ce66-4b6c-b35f-bfc2ed3fdb23,Male,MARATHON,[img:flags/DE.gif],04:34:10.980,04:21:48.270,9.6 Km/Hr,6:12 min/km,42.2 KM
142,153 / 373,143 / 326,110903c1-ce66-4b6c-b35f-bfc2ed3fdb23,Male,MARATHON,[img:flags/FI.gif],04:34:07.342,04:22:08.765,9.6 Km/Hr,6:12 min/km,42.2 KM
143,154 / 373,144 / 326,110903c1-ce66-4b6c-b35f-bfc2ed3fdb23,Male,MARATHON,[img:flags/SA.gif],04:35:49.872,04:22:24.491,9.6 Km/Hr,6:13 min/km,42.2 KM
144,155 / 373,145 / 326,110903c1-ce66-4b6c-b35f-bfc2ed3fdb23,Male,MARATHON,[img:flags/AU.gif],04:35:09.375,04:23:05.728,9.6 Km/Hr,6:14 min/km,42.2 KM
145,156 / 373,146 / 326,110903c1-ce66-4b6c-b35f-bfc2ed3fdb23,Male,MARATHON,[img:flags/SA.gif],05:05:21.251,04:23:54.189,9.5 Km/Hr,6:15 min/km,42.2 KM
146,157 / 373,147 / 326,110903c1-ce66-4b6c-b35f-bfc2ed3fdb23,Male,MARATHON,[img:flags/IE.gif],04:36:52.540,04:24:20.860,9.5 Km/Hr,6:15 min/km,42.2 KM
147,158 / 373,148 / 326,110903c1-ce66-4b6c-b35f-bfc2ed3fdb23,Male,MARATHON,[img:flags/NG.gif],04:37:04.214,04:24:50.868,9.5 Km/Hr,6:16 min/km,42.2 KM
148,159 / 373,149 / 326,110903c1-ce66-4b6c-b35f-bfc2ed3fdb23,Male,MARATHON,[img:flags/SA.gif],04:37:18.304,04:25:18.377,9.5 Km/Hr,6:17 min/km,42.2 KM
149,160 / 373,150 / 326,110903c1-ce66-4b6c-b35f-bfc2ed3fdb23,Male,MARATHON,[img:flags/FR.gif],04:37:31.100,04:25:23.052,9.5 Km/Hr,6:17 min/km,42.2 KM
150,161 / 373,151 / 326,110903c1-ce66-4b6c-b35f-bfc2ed3fdb23,Male,MARATHON,[img:flags/GB.gif],04:39:11.596,04:25:37.777,9.5 Km/Hr,6:17 min/km,42.2 KM
151,162 / 373,152 / 326,110903c1-ce66-4b6c-b35f-bfc2ed3fdb23,Male,MARATHON,[img:flags/DZ.gif],04:37:31.858,04:25:41.539,9.5 Km/Hr,6:17 min/km,42.2 KM
152,163 / 373,153 / 326,110903c1-ce66-4b6c-b35f-bfc2ed3fdb23,Male,MARATHON,[img:flags/PH.gif],04:38:07.565,04:25:59.078,9.5 Km/Hr,6:18 min/km,42.2 KM
153,164 / 373,154 / 326,110903c1-ce66-4b6c-b35f-bfc2ed3fdb23,Male,MARATHON,[img:flags/SA.gif],04:44:49.382,04:26:16.088,9.5 Km/Hr,6:18 min/km,42.2 KM
154,165 / 373,155 / 326,110903c1-ce66-4b6c-b35f-bfc2ed3fdb23,Male,MARATHON,[img:flags/GB.gif],04:39:14.393,04:26:32.880,9.4 Km/Hr,6:18 min/km,42.2 KM
155,166 / 373,156 / 326,110903c1-ce66-4b6c-b35f-bfc2ed3fdb23,Male,MARATHON,[img:flags/SA.gif],04:38:56.408,04:26:40.992,9.4 Km/Hr,6:19 min/km,42.2 KM
156,167 / 373,157 / 326,110903c1-ce66-4b6c-b35f-bfc2ed3fdb23,Male,MARATHON,[img:flags/DK.gif],04:39:15.667,04:27:03.857,9.4 Km/Hr,6:19 min/km,42.2 KM
157,168 / 373,158 / 326,110903c1-ce66-4b6c-b35f-bfc2ed3fdb23,Male,MARATHON,[img:flags/GB.gif],04:40:11.967,04:27:22.348,9.4 Km/Hr,6:20 min/km,42.2 KM
158,169 / 373,159 / 326,110903c1-ce66-4b6c-b35f-bfc2ed3fdb23,Male,MARATHON,[img:flags/SA.gif],04:55:53.565,04:28:20.923,9.4 Km/Hr,6:21 min/km,42.2 KM
159,170 / 373,160 / 326,110903c1-ce66-4b6c-b35f-bfc2ed3fdb23,Male,MARATHON,[img:flags/SA.gif],04:41:12.508,04:28:55.388,9.4 Km/Hr,6:22 min/km,42.2 KM
160,171 / 373,161 / 326,110903c1-ce66-4b6c-b35f-bfc2ed3fdb23,Male,MARATHON,[img:flags/SA.gif],04:42:04.388,04:30:14.948,9.3 Km/Hr,6:24 min/km,42.2 KM
161,173 / 373,162 / 326,110903c1-ce66-4b6c-b35f-bfc2ed3fdb23,Male,MARATHON,[img:flags/ZA.gif],05:04:19.404,04:31:36.946,9.3 Km/Hr,6:26 min/km,42.2 KM
162,174 / 373,163 / 326,110903c1-ce66-4b6c-b35f-bfc2ed3fdb23,Male,MARATHON,[img:flags/SA.gif],04:48:45.113,04:32:57.213,9.2 Km/Hr,6:28 min/km,42.2 KM
163,175 / 373,164 / 326,110903c1-ce66-4b6c-b35f-bfc2ed3fdb23,Male,MARATHON,[img:flags/SA.gif],04:46:07.449,04:33:47.823,9.2 Km/Hr,6:29 min/km,42.2 KM
164,176 / 373,165 / 326,110903c1-ce66-4b6c-b35f-bfc2ed3fdb23,Male,MARATHON,[img:flags/SA.gif],04:48:03.717,04:33:49.567,9.2 Km/Hr,6:29 min/km,42.2 KM
165,177 / 373,166 / 326,110903c1-ce66-4b6c-b35f-bfc2ed3fdb23,Male,MARATHON,[img:flags/PT.gif],04:46:21.713,04:34:05.441,9.2 Km/Hr,6:29 min/km,42.2 KM
166,178 / 373,167 / 326,110903c1-ce66-4b6c-b35f-bfc2ed3fdb23,Male,MARATHON,[img:flags/PK.gif],04:47:44.917,04:35:19.947,9.1 Km/Hr,6:31 min/km,42.2 KM
167,179 / 373,168 / 326,110903c1-ce66-4b6c-b35f-bfc2ed3fdb23,Male,MARATHON,[img:flags/SD.gif],04:48:23.858,04:35:31.897,9.1 Km/Hr,6:31 min/km,42.2 KM
168,180 / 373,169 / 326,110903c1-ce66-4b6c-b35f-bfc2ed3fdb23,Male,MARATHON,[img:flags/SA.gif],04:47:42.257,04:35:35.061,9.1 Km/Hr,6:31 min/km,42.2 KM
169,181 / 373,170 / 326,110903c1-ce66-4b6c-b35f-bfc2ed3fdb23,Male,MARATHON,[img:flags/GB.gif],04:49:36.415,04:36:25.742,9.1 Km/Hr,6:33 min/km,42.2 KM
170,182 / 373,171 / 326,110903c1-ce66-4b6c-b35f-bfc2ed3fdb23,Male,MARATHON,[img:flags/SA.gif],04:50:17.598,04:37:15.721,9.1 Km/Hr,6:34 min/km,42.2 KM
171,184 / 373,172 / 326,110903c1-ce66-4b6c-b35f-bfc2ed3fdb23,Male,MARATHON,[img:flags/SA.gif],04:51:33.202,04:38:10.533,9.1 Km/Hr,6:35 min/km,42.2 KM
172,186 / 373,173 / 326,110903c1-ce66-4b6c-b35f-bfc2ed3fdb23,Male,MARATHON,,04:51:36.268,04:39:38.200,9.0 Km/Hr,6:37 min/km,42.2 KM
173,187 / 373,174 / 326,110903c1-ce66-4b6c-b35f-bfc2ed3fdb23,Male,MARATHON,[img:flags/LB.gif],04:52:44.749,04:39:47.642,9.0 Km/Hr,6:37 min/km,42.2 KM
174,188 / 373,175 / 326,110903c1-ce66-4b6c-b35f-bfc2ed3fdb23,Male,MARATHON,[img:flags/RO.gif],04:52:51.045,04:40:01.166,9.0 Km/Hr,6:38 min/km,42.2 KM
175,189 / 373,176 / 326,110903c1-ce66-4b6c-b35f-bfc2ed3fdb23,Male,MARATHON,[img:flags/GB.gif],04:54:28.271,04:41:01.732,9.0 Km/Hr,6:39 min/km,42.2 KM
176,190 / 373,177 / 326,110903c1-ce66-4b6c-b35f-bfc2ed3fdb23,Male,MARATHON,[img:flags/FR.gif],04:53:56.929,04:41:05.292,9.0 Km/Hr,6:39 min/km,42.2 KM
177,191 / 373,178 / 326,110903c1-ce66-4b6c-b35f-bfc2ed3fdb23,Male,MARATHON,[img:flags/SA.gif],04:57:13.412,04:41:10.098,9.0 Km/Hr,6:39 min/km,42.2 KM
178,192 / 373,179 / 326,110903c1-ce66-4b6c-b35f-bfc2ed3fdb23,Male,MARATHON,,04:54:34.198,04:42:35.729,8.9 Km/Hr,6:41 min/km,42.2 KM
179,193 / 373,180 / 326,110903c1-ce66-4b6c-b35f-bfc2ed3fdb23,Male,MARATHON,[img:flags/SA.gif],04:58:57.482,04:42:56.481,8.9 Km/Hr,6:42 min/km,42.2 KM
180,194 / 373,181 / 326,110903c1-ce66-4b6c-b35f-bfc2ed3fdb23,Male,MARATHON,[img:flags/UA.gif],04:56:31.988,04:43:49.099,8.9 Km/Hr,6:43 min/km,42.2 KM
181,195 / 373,182 / 326,110903c1-ce66-4b6c-b35f-bfc2ed3fdb23,Male,MARATHON,[img:flags/PH.gif],04:56:11.183,04:43:57.225,8.9 Km/Hr,6:43 min/km,42.2 KM
182,196 / 373,183 / 326,110903c1-ce66-4b6c-b35f-bfc2ed3fdb23,Male,MARATHON,[img:flags/SA.gif],04:55:54.492,04:44:06.715,8.9 Km/Hr,6:43 min/km,42.2 KM
183,197 / 373,184 / 326,110903c1-ce66-4b6c-b35f-bfc2ed3fdb23,Male,MARATHON,,04:56:58.889,04:44:23.640,8.9 Km/Hr,6:44 min/km,42.2 KM
184,198 / 373,185 / 326,110903c1-ce66-4b6c-b35f-bfc2ed3fdb23,Male,MARATHON,[img:flags/SA.gif],04:57:37.470,04:45:16.820,8.8 Km/Hr,6:45 min/km,42.2 KM
185,199 / 373,186 / 326,110903c1-ce66-4b6c-b35f-bfc2ed3fdb23,Male,MARATHON,[img:flags/SA.gif],04:57:28.889,04:45:21.221,8.8 Km/Hr,6:45 min/km,42.2 KM
186,200 / 373,187 / 326,110903c1-ce66-4b6c-b35f-bfc2ed3fdb23,Male,MARATHON,[img:flags/SA.gif],04:59:12.072,04:45:27.014,8.8 Km/Hr,6:45 min/km,42.2 KM
187,202 / 373,188 / 326,110903c1-ce66-4b6c-b35f-bfc2ed3fdb23,Male,MARATHON,[img:flags/PH.gif],04:58:18.431,04:46:06.162,8.8 Km/Hr,6:46 min/km,42.2 KM
188,203 / 373,189 / 326,110903c1-ce66-4b6c-b35f-bfc2ed3fdb23,Male,MARATHON,[img:flags/SA.gif],04:58:28.733,04:46:11.193,8.8 Km/Hr,6:46 min/km,42.2 KM
189,204 / 373,190 / 326,110903c1-ce66-4b6c-b35f-bfc2ed3fdb23,Male,MARATHON,[img:flags/SA.gif],04:59:17.511,04:46:26.070,8.8 Km/Hr,6:47 min/km,42.2 KM
190,205 / 373,191 / 326,110903c1-ce66-4b6c-b35f-bfc2ed3fdb23,Male,MARATHON,[img:flags/SA.gif],04:59:46.875,04:46:45.593,8.8 Km/Hr,6:47 min/km,42.2 KM
191,206 / 373,192 / 326,110903c1-ce66-4b6c-b35f-bfc2ed3fdb23,Male,MARATHON,[img:flags/SA.gif],04:59:42.135,04:46:48.164,8.8 Km/Hr,6:47 min/km,42.2 KM
192,207 / 373,193 / 326,110903c1-ce66-4b6c-b35f-bfc2ed3fdb23,Male,MARATHON,[img:flags/CA.gif],04:58:51.546,04:46:56.043,8.8 Km/Hr,6:47 min/km,42.2 KM
193,208 / 373,194 / 326,110903c1-ce66-4b6c-b35f-bfc2ed3fdb23,Male,MARATHON,[img:flags/SA.gif],04:59:52.687,04:47:00.826,8.8 Km/Hr,6:48 min/km,42.2 KM
194,209 / 373,195 / 326,110903c1-ce66-4b6c-b35f-bfc2ed3fdb23,Male,MARATHON,[img:flags/SA.gif],05:00:09.135,04:47:16.197,8.8 Km/Hr,6:48 min/km,42.2 KM
195,210 / 373,196 / 326,110903c1-ce66-4b6c-b35f-bfc2ed3fdb23,Male,MARATHON,[img:flags/SA.gif],05:01:09.877,04:47:23.744,8.8 Km/Hr,6:48 min/km,42.2 KM
196,211 / 373,197 / 326,110903c1-ce66-4b6c-b35f-bfc2ed3fdb23,Male,MARATHON,[img:flags/GB.gif],05:04:41.482,04:47:30.237,8.8 Km/Hr,6:48 min/km,42.2 KM
197,213 / 373,198 / 326,110903c1-ce66-4b6c-b35f-bfc2ed3fdb23,Male,MARATHON,,05:00:18.837,04:47:49.313,8.7 Km/Hr,6:49 min/km,42.2 KM
198,214 / 373,199 / 326,110903c1-ce66-4b6c-b35f-bfc2ed3fdb23,Male,MARATHON,[img:flags/SA.gif],05:01:08.809,04:47:50.255,8.7 Km/Hr,6:49 min/km,42.2 KM
199,215 / 373,200 / 326,110903c1-ce66-4b6c-b35f-bfc2ed3fdb23,Male,MARATHON,[img:flags/SA.gif],05:01:21.737,04:48:06.174,8.7 Km/Hr,6:49 min/km,42.2 KM
200,216 / 373,201 / 326,110903c1-ce66-4b6c-b35f-bfc2ed3fdb23,Male,MARATHON,[img:flags/PH.gif],05:00:51.235,04:48:16.948,8.7 Km/Hr,6:49 min/km,42.2 KM
201,217 / 373,202 / 326,110903c1-ce66-4b6c-b35f-bfc2ed3fdb23,Male,MARATHON,[img:flags/PH.gif],05:01:02.795,04:48:27.744,8.7 Km/Hr,6:50 min/km,42.2 KM
202,221 / 373,203 / 326,110903c1-ce66-4b6c-b35f-bfc2ed3fdb23,Male,MARATHON,[img:flags/SA.gif],05:02:18.686,04:49:25.927,8.7 Km/Hr,6:51 min/km,42.2 KM
203,222 / 373,204 / 326,110903c1-ce66-4b6c-b35f-bfc2ed3fdb23,Male,MARATHON,[img:flags/PL.gif],05:06:37.076,04:50:23.252,8.7 Km/Hr,6:52 min/km,42.2 KM
204,223 / 373,205 / 326,110903c1-ce66-4b6c-b35f-bfc2ed3fdb23,Male,MARATHON,[img:flags/SA.gif],05:02:18.281,04:50:25.624,8.7 Km/Hr,6:52 min/km,42.2 KM
205,224 / 373,206 / 326,110903c1-ce66-4b6c-b35f-bfc2ed3fdb23,Male,MARATHON,[img:flags/ZA.gif],05:02:55.894,04:50:41.932,8.7 Km/Hr,6:53 min/km,42.2 KM
206,225 / 373,207 / 326,110903c1-ce66-4b6c-b35f-bfc2ed3fdb23,Male,MARATHON,[img:flags/SA.gif],05:02:54.899,04:51:04.299,8.6 Km/Hr,6:53 min/km,42.2 KM
207,226 / 373,208 / 326,110903c1-ce66-4b6c-b35f-bfc2ed3fdb23,Male,MARATHON,[img:flags/PH.gif],05:04:59.820,04:51:20.543,8.6 Km/Hr,6:54 min/km,42.2 KM
208,228 / 373,209 / 326,110903c1-ce66-4b6c-b35f-bfc2ed3fdb23,Male,MARATHON,[img:flags/MX.gif],05:15:35.148,04:54:31.003,8.5 Km/Hr,6:58 min/km,42.2 KM
209,229 / 373,210 / 326,110903c1-ce66-4b6c-b35f-bfc2ed3fdb23,Male,MARATHON,[img:flags/PL.gif],05:06:50.180,04:54:50.912,8.5 Km/Hr,6:59 min/km,42.2 KM
210,230 / 373,211 / 326,110903c1-ce66-4b6c-b35f-bfc2ed3fdb23,Male,MARATHON,[img:flags/DK.gif],05:08:26.043,04:55:04.101,8.5 Km/Hr,6:59 min/km,42.2 KM
211,231 / 373,212 / 326,110903c1-ce66-4b6c-b35f-bfc2ed3fdb23,Male,MARATHON,[img:flags/GB.gif],05:08:37.186,04:55:15.508,8.5 Km/Hr,6:59 min/km,42.2 KM
212,233 / 373,213 / 326,110903c1-ce66-4b6c-b35f-bfc2ed3fdb23,Male,MARATHON,[img:flags/SA.gif],05:07:31.962,04:55:38.926,8.5 Km/Hr,7:00 min/km,42.2 KM
213,235 / 373,214 / 326,110903c1-ce66-4b6c-b35f-bfc2ed3fdb23,Male,MARATHON,[img:flags/SA.gif],05:10:52.687,04:57:04.655,8.5 Km/Hr,7:02 min/km,42.2 KM
214,236 / 373,215 / 326,110903c1-ce66-4b6c-b35f-bfc2ed3fdb23,Male,MARATHON,[img:flags/SA.gif],05:21:18.252,04:57:37.961,8.5 Km/Hr,7:03 min/km,42.2 KM
215,237 / 373,216 / 326,110903c1-ce66-4b6c-b35f-bfc2ed3fdb23,Male,MARATHON,[img:flags/SA.gif],05:11:47.520,04:58:44.913,8.4 Km/Hr,7:04 min/km,42.2 KM
216,238 / 373,217 / 326,110903c1-ce66-4b6c-b35f-bfc2ed3fdb23,Male,MARATHON,[img:flags/SA.gif],05:11:55.906,04:59:01.701,8.4 Km/Hr,7:05 min/km,42.2 KM
217,239 / 373,218 / 326,110903c1-ce66-4b6c-b35f-bfc2ed3fdb23,Male,MARATHON,[img:flags/SA.gif],05:11:59.693,04:59:56.049,8.4 Km/Hr,7:06 min/km,42.2 KM
218,240 / 373,219 / 326,110903c1-ce66-4b6c-b35f-bfc2ed3fdb23,Male,MARATHON,[img:flags/SA.gif],05:13:25.399,04:59:57.015,8.4 Km/Hr,7:06 min/km,42.2 KM
219,241 / 373,220 / 326,110903c1-ce66-4b6c-b35f-bfc2ed3fdb23,Male,MARATHON,[img:flags/PK.gif],05:15:39.088,05:00:10.875,8.4 Km/Hr,7:06 min/km,42.2 KM
220,242 / 373,221 / 326,110903c1-ce66-4b6c-b35f-bfc2ed3fdb23,Male,MARATHON,[img:flags/MA.gif],05:13:06.569,05:01:01.108,8.4 Km/Hr,7:07 min/km,42.2 KM
221,243 / 373,222 / 326,110903c1-ce66-4b6c-b35f-bfc2ed3fdb23,Male,MARATHON,[img:flags/SA.gif],05:20:10.391,05:01:41.885,8.3 Km/Hr,7:08 min/km,42.2 KM
222,244 / 373,223 / 326,110903c1-ce66-4b6c-b35f-bfc2ed3fdb23,Male,MARATHON,[img:flags/SA.gif],05:16:17.463,05:02:56.884,8.3 Km/Hr,7:10 min/km,42.2 KM
223,245 / 373,224 / 326,110903c1-ce66-4b6c-b35f-bfc2ed3fdb23,Male,MARATHON,[img:flags/EG.gif],05:16:13.720,05:03:28.502,8.3 Km/Hr,7:11 min/km,42.2 KM
224,247 / 373,225 / 326,110903c1-ce66-4b6c-b35f-bfc2ed3fdb23,Male,MARATHON,,05:16:14.227,05:03:32.566,8.3 Km/Hr,7:11 min/km,42.2 KM
225,249 / 373,226 / 326,110903c1-ce66-4b6c-b35f-bfc2ed3fdb23,Male,MARATHON,[img:flags/PH.gif],05:16:41.728,05:03:52.249,8.3 Km/Hr,7:12 min/km,42.2 KM
226,250 / 373,227 / 326,110903c1-ce66-4b6c-b35f-bfc2ed3fdb23,Male,MARATHON,,05:16:15.447,05:03:56.077,8.3 Km/Hr,7:12 min/km,42.2 KM
227,251 / 373,228 / 326,110903c1-ce66-4b6c-b35f-bfc2ed3fdb23,Male,MARATHON,[img:flags/GB.gif],05:23:18.502,05:04:49.799,8.3 Km/Hr,7:13 min/km,42.2 KM
228,252 / 373,229 / 326,110903c1-ce66-4b6c-b35f-bfc2ed3fdb23,Male,MARATHON,[img:flags/SA.gif],05:17:27.589,05:05:11.432,8.2 Km/Hr,7:13 min/km,42.2 KM
229,253 / 373,230 / 326,110903c1-ce66-4b6c-b35f-bfc2ed3fdb23,Male,MARATHON,[img:flags/CN.gif],05:18:01.561,05:05:25.130,8.2 Km/Hr,7:14 min/km,42.2 KM
230,254 / 373,231 / 326,110903c1-ce66-4b6c-b35f-bfc2ed3fdb23,Male,MARATHON,,05:18:18.129,05:05:51.571,8.2 Km/Hr,7:14 min/km,42.2 KM
231,255 / 373,232 / 326,110903c1-ce66-4b6c-b35f-bfc2ed3fdb23,Male,MARATHON,[img:flags/SA.gif],05:17:44.454,05:05:51.596,8.2 Km/Hr,7:14 min/km,42.2 KM
232,257 / 373,233 / 326,110903c1-ce66-4b6c-b35f-bfc2ed3fdb23,Male,MARATHON,[img:flags/GB.gif],05:19:06.391,05:06:49.350,8.2 Km/Hr,7:16 min/km,42.2 KM
233,258 / 373,234 / 326,110903c1-ce66-4b6c-b35f-bfc2ed3fdb23,Male,MARATHON,,05:20:03.184,05:07:13.103,8.2 Km/Hr,7:16 min/km,42.2 KM
234,259 / 373,235 / 326,110903c1-ce66-4b6c-b35f-bfc2ed3fdb23,Male,MARATHON,[img:flags/GB.gif],05:21:54.412,05:09:10.326,8.1 Km/Hr,7:19 min/km,42.2 KM
235,260 / 373,236 / 326,110903c1-ce66-4b6c-b35f-bfc2ed3fdb23,Male,MARATHON,[img:flags/PH.gif],05:22:10.135,05:09:33.784,8.1 Km/Hr,7:20 min/km,42.2 KM
236,262 / 373,237 / 326,110903c1-ce66-4b6c-b35f-bfc2ed3fdb23,Male,MARATHON,,05:22:52.351,05:10:23.892,8.1 Km/Hr,7:21 min/km,42.2 KM
237,263 / 373,238 / 326,110903c1-ce66-4b6c-b35f-bfc2ed3fdb23,Male,MARATHON,[img:flags/YE.gif],05:23:07.492,05:10:52.910,8.1 Km/Hr,7:22 min/km,42.2 KM
238,265 / 373,239 / 326,110903c1-ce66-4b6c-b35f-bfc2ed3fdb23,Male,MARATHON,[img:flags/SA.gif],05:25:18.724,05:12:11.580,8.1 Km/Hr,7:23 min/km,42.2 KM
239,266 / 373,240 / 326,110903c1-ce66-4b6c-b35f-bfc2ed3fdb23,Male,MARATHON,,05:25:24.956,05:12:44.258,8.0 Km/Hr,7:24 min/km,42.2 KM
240,267 / 373,241 / 326,110903c1-ce66-4b6c-b35f-bfc2ed3fdb23,Male,MARATHON,[img:flags/SA.gif],05:26:11.689,05:13:26.853,8.0 Km/Hr,7:25 min/km,42.2 KM
241,268 / 373,242 / 326,110903c1-ce66-4b6c-b35f-bfc2ed3fdb23,Male,MARATHON,[img:flags/GB.gif],05:26:25.257,05:13:46.079,8.0 Km/Hr,7:26 min/km,42.2 KM
242,270 / 373,243 / 326,110903c1-ce66-4b6c-b35f-bfc2ed3fdb23,Male,MARATHON,[img:flags/SA.gif],05:27:19.406,05:14:08.158,8.0 Km/Hr,7:26 min/km,42.2 KM
243,271 / 373,244 / 326,110903c1-ce66-4b6c-b35f-bfc2ed3fdb23,Male,MARATHON,[img:flags/PL.gif],05:28:00.755,05:14:29.137,8.0 Km/Hr,7:27 min/km,42.2 KM
244,272 / 373,245 / 326,110903c1-ce66-4b6c-b35f-bfc2ed3fdb23,Male,MARATHON,[img:flags/BE.gif],05:14:38.868,05:14:38.868,8.0 Km/Hr,7:27 min/km,42.2 KM
245,273 / 373,246 / 326,110903c1-ce66-4b6c-b35f-bfc2ed3fdb23,Male,MARATHON,[img:flags/SA.gif],05:28:02.838,05:14:54.156,8.0 Km/Hr,7:27 min/km,42.2 KM
246,274 / 373,247 / 326,110903c1-ce66-4b6c-b35f-bfc2ed3fdb23,Male,MARATHON,[img:flags/CH.gif],05:27:53.038,05:15:21.247,8.0 Km/Hr,7:28 min/km,42.2 KM
247,275 / 373,248 / 326,110903c1-ce66-4b6c-b35f-bfc2ed3fdb23,Male,MARATHON,,05:28:00.701,05:15:56.620,8.0 Km/Hr,7:29 min/km,42.2 KM
248,276 / 373,249 / 326,110903c1-ce66-4b6c-b35f-bfc2ed3fdb23,Male,MARATHON,[img:flags/SA.gif],05:28:00.558,05:16:10.282,8.0 Km/Hr,7:29 min/km,42.2 KM
249,278 / 373,250 / 326,110903c1-ce66-4b6c-b35f-bfc2ed3fdb23,Male,MARATHON,[img:flags/SA.gif],05:36:03.143,05:17:40.510,7.9 Km/Hr,7:31 min/km,42.2 KM
250,279 / 373,251 / 326,110903c1-ce66-4b6c-b35f-bfc2ed3fdb23,Male,MARATHON,[img:flags/SA.gif],05:35:53.347,05:20:18.892,7.9 Km/Hr,7:35 min/km,42.2 KM
251,280 / 373,252 / 326,110903c1-ce66-4b6c-b35f-bfc2ed3fdb23,Male,MARATHON,,05:34:22.287,05:20:57.089,7.8 Km/Hr,7:36 min/km,42.2 KM
252,281 / 373,253 / 326,110903c1-ce66-4b6c-b35f-bfc2ed3fdb23,Male,MARATHON,[img:flags/EG.gif],05:33:56.204,05:21:45.036,7.8 Km/Hr,7:37 min/km,42.2 KM
253,282 / 373,254 / 326,110903c1-ce66-4b6c-b35f-bfc2ed3fdb23,Male,MARATHON,[img:flags/HU.gif],05:34:10.485,05:21:46.388,7.8 Km/Hr,7:37 min/km,42.2 KM
254,283 / 373,255 / 326,110903c1-ce66-4b6c-b35f-bfc2ed3fdb23,Male,MARATHON,[img:flags/IN.gif],05:37:35.726,05:21:57.866,7.8 Km/Hr,7:37 min/km,42.2 KM
255,285 / 373,256 / 326,110903c1-ce66-4b6c-b35f-bfc2ed3fdb23,Male,MARATHON,[img:flags/SA.gif],05:36:23.642,05:23:16.500,7.8 Km/Hr,7:39 min/km,42.2 KM
256,286 / 373,257 / 326,110903c1-ce66-4b6c-b35f-bfc2ed3fdb23,Male,MARATHON,[img:flags/SA.gif],05:35:52.108,05:23:21.411,7.8 Km/Hr,7:39 min/km,42.2 KM
257,287 / 373,258 / 326,110903c1-ce66-4b6c-b35f-bfc2ed3fdb23,Male,MARATHON,[img:flags/EG.gif],05:36:57.029,05:23:24.793,7.8 Km/Hr,7:39 min/km,42.2 KM
258,288 / 373,259 / 326,110903c1-ce66-4b6c-b35f-bfc2ed3fdb23,Male,MARATHON,[img:flags/SA.gif],05:35:37.347,05:23:31.967,7.8 Km/Hr,7:39 min/km,42.2 KM
259,290 / 373,260 / 326,110903c1-ce66-4b6c-b35f-bfc2ed3fdb23,Male,MARATHON,[img:flags/SA.gif],05:36:29.465,05:23:58.965,7.8 Km/Hr,7:40 min/km,42.2 KM
260,291 / 373,261 / 326,110903c1-ce66-4b6c-b35f-bfc2ed3fdb23,Male,MARATHON,[img:flags/SA.gif],05:36:03.007,05:24:12.410,7.8 Km/Hr,7:40 min/km,42.2 KM
261,292 / 373,262 / 326,110903c1-ce66-4b6c-b35f-bfc2ed3fdb23,Male,MARATHON,[img:flags/PH.gif],05:38:35.386,05:24:15.226,7.8 Km/Hr,7:41 min/km,42.2 KM
262,293 / 373,263 / 326,110903c1-ce66-4b6c-b35f-bfc2ed3fdb23,Male,MARATHON,,05:36:57.150,05:24:37.783,7.7 Km/Hr,7:41 min/km,42.2 KM
263,294 / 373,264 / 326,110903c1-ce66-4b6c-b35f-bfc2ed3fdb23,Male,MARATHON,[img:flags/SA.gif],05:42:25.266,05:25:00.065,7.7 Km/Hr,7:42 min/km,42.2 KM
264,297 / 373,265 / 326,110903c1-ce66-4b6c-b35f-bfc2ed3fdb23,Male,MARATHON,[img:flags/PH.gif],05:37:38.125,05:25:10.107,7.7 Km/Hr,7:42 min/km,42.2 KM
265,298 / 373,266 / 326,110903c1-ce66-4b6c-b35f-bfc2ed3fdb23,Male,MARATHON,[img:flags/PH.gif],05:37:33.466,05:25:29.928,7.7 Km/Hr,7:42 min/km,42.2 KM
266,299 / 373,267 / 326,110903c1-ce66-4b6c-b35f-bfc2ed3fdb23,Male,MARATHON,[img:flags/EG.gif],05:38:29.473,05:26:11.349,7.7 Km/Hr,7:43 min/km,42.2 KM
267,300 / 373,268 / 326,110903c1-ce66-4b6c-b35f-bfc2ed3fdb23,Male,MARATHON,[img:flags/ID.gif],05:38:49.162,05:26:20.044,7.7 Km/Hr,7:43 min/km,42.2 KM
268,302 / 373,269 / 326,110903c1-ce66-4b6c-b35f-bfc2ed3fdb23,Male,MARATHON,[img:flags/EG.gif],05:41:35.673,05:28:40.303,7.7 Km/Hr,7:47 min/km,42.2 KM
269,303 / 373,270 / 326,110903c1-ce66-4b6c-b35f-bfc2ed3fdb23,Male,MARATHON,[img:flags/SA.gif],05:41:56.425,05:28:49.628,7.7 Km/Hr,7:47 min/km,42.2 KM
270,304 / 373,271 / 326,110903c1-ce66-4b6c-b35f-bfc2ed3fdb23,Male,MARATHON,[img:flags/SA.gif],06:02:19.744,05:28:59.663,7.6 Km/Hr,7:47 min/km,42.2 KM
271,306 / 373,272 / 326,110903c1-ce66-4b6c-b35f-bfc2ed3fdb23,Male,MARATHON,[img:flags/SA.gif],05:42:01.873,05:30:00.026,7.6 Km/Hr,7:49 min/km,42.2 KM
272,307 / 373,273 / 326,110903c1-ce66-4b6c-b35f-bfc2ed3fdb23,Male,MARATHON,[img:flags/SA.gif],05:44:23.073,05:31:18.093,7.6 Km/Hr,7:51 min/km,42.2 KM
273,308 / 373,274 / 326,110903c1-ce66-4b6c-b35f-bfc2ed3fdb23,Male,MARATHON,[img:flags/SA.gif],05:44:22.990,05:31:18.649,7.6 Km/Hr,7:51 min/km,42.2 KM
274,309 / 373,275 / 326,110903c1-ce66-4b6c-b35f-bfc2ed3fdb23,Male,MARATHON,[img:flags/SA.gif],05:46:08.893,05:33:03.133,7.6 Km/Hr,7:53 min/km,42.2 KM
275,310 / 373,276 / 326,110903c1-ce66-4b6c-b35f-bfc2ed3fdb23,Male,MARATHON,[img:flags/SA.gif],05:44:57.887,05:33:09.708,7.5 Km/Hr,7:53 min/km,42.2 KM
276,312 / 373,277 / 326,110903c1-ce66-4b6c-b35f-bfc2ed3fdb23,Male,MARATHON,[img:flags/SA.gif],05:57:48.540,05:33:49.751,7.5 Km/Hr,7:54 min/km,42.2 KM
277,314 / 373,278 / 326,110903c1-ce66-4b6c-b35f-bfc2ed3fdb23,Male,MARATHON,[img:flags/LB.gif],05:46:53.857,05:34:02.817,7.5 Km/Hr,7:54 min/km,42.2 KM
278,316 / 373,279 / 326,110903c1-ce66-4b6c-b35f-bfc2ed3fdb23,Male,MARATHON,[img:flags/EG.gif],06:15:40.099,05:36:00.657,7.5 Km/Hr,7:57 min/km,42.2 KM
279,319 / 373,280 / 326,110903c1-ce66-4b6c-b35f-bfc2ed3fdb23,Male,MARATHON,,05:49:25.650,05:37:28.759,7.5 Km/Hr,7:59 min/km,42.2 KM
280,320 / 373,281 / 326,110903c1-ce66-4b6c-b35f-bfc2ed3fdb23,Male,MARATHON,[img:flags/SA.gif],05:49:33.734,05:37:32.128,7.5 Km/Hr,7:59 min/km,42.2 KM
281,321 / 373,282 / 326,110903c1-ce66-4b6c-b35f-bfc2ed3fdb23,Male,MARATHON,[img:flags/PH.gif],05:50:20.756,05:37:43.120,7.4 Km/Hr,8:00 min/km,42.2 KM
282,322 / 373,283 / 326,110903c1-ce66-4b6c-b35f-bfc2ed3fdb23,Male,MARATHON,[img:flags/PH.gif],05:50:35.279,05:37:59.329,7.4 Km/Hr,8:00 min/km,42.2 KM
283,323 / 373,284 / 326,110903c1-ce66-4b6c-b35f-bfc2ed3fdb23,Male,MARATHON,[img:flags/PK.gif],05:51:21.099,05:39:18.883,7.4 Km/Hr,8:02 min/km,42.2 KM
284,324 / 373,285 / 326,110903c1-ce66-4b6c-b35f-bfc2ed3fdb23,Male,MARATHON,[img:flags/SA.gif],05:51:53.761,05:39:59.574,7.4 Km/Hr,8:03 min/km,42.2 KM
285,325 / 373,286 / 326,110903c1-ce66-4b6c-b35f-bfc2ed3fdb23,Male,MARATHON,[img:flags/EG.gif],05:53:00.684,05:40:22.306,7.4 Km/Hr,8:03 min/km,42.2 KM
286,326 / 373,287 / 326,110903c1-ce66-4b6c-b35f-bfc2ed3fdb23,Male,MARATHON,[img:flags/SA.gif],05:54:26.918,05:42:38.640,7.3 Km/Hr,8:07 min/km,42.2 KM
287,327 / 373,288 / 326,110903c1-ce66-4b6c-b35f-bfc2ed3fdb23,Male,MARATHON,[img:flags/SA.gif],06:17:19.261,05:42:58.450,7.3 Km/Hr,8:07 min/km,42.2 KM
288,328 / 373,289 / 326,110903c1-ce66-4b6c-b35f-bfc2ed3fdb23,Male,MARATHON,[img:flags/EG.gif],05:57:04.135,05:43:26.802,7.3 Km/Hr,8:08 min/km,42.2 KM
289,329 / 373,290 / 326,110903c1-ce66-4b6c-b35f-bfc2ed3fdb23,Male,MARATHON,[img:flags/SA.gif],05:56:11.498,05:43:43.157,7.3 Km/Hr,8:08 min/km,42.2 KM
290,330 / 373,291 / 326,110903c1-ce66-4b6c-b35f-bfc2ed3fdb23,Male,MARATHON,[img:flags/JO.gif],05:57:52.895,05:44:12.057,7.3 Km/Hr,8:09 min/km,42.2 KM
291,331 / 373,292 / 326,110903c1-ce66-4b6c-b35f-bfc2ed3fdb23,Male,MARATHON,[img:flags/SA.gif],05:57:06.806,05:44:40.525,7.3 Km/Hr,8:10 min/km,42.2 KM
292,332 / 373,293 / 326,110903c1-ce66-4b6c-b35f-bfc2ed3fdb23,Male,MARATHON,[img:flags/SA.gif],05:57:19.386,05:45:13.808,7.3 Km/Hr,8:10 min/km,42.2 KM
293,333 / 373,294 / 326,110903c1-ce66-4b6c-b35f-bfc2ed3fdb23,Male,MARATHON,[img:flags/JO.gif],05:58:22.442,05:45:18.164,7.3 Km/Hr,8:10 min/km,42.2 KM
294,335 / 373,295 / 326,110903c1-ce66-4b6c-b35f-bfc2ed3fdb23,Male,MARATHON,[img:flags/SD.gif],06:04:03.350,05:45:28.887,7.3 Km/Hr,8:11 min/km,42.2 KM
295,336 / 373,296 / 326,110903c1-ce66-4b6c-b35f-bfc2ed3fdb23,Male,MARATHON,,05:59:17.042,05:46:23.681,7.3 Km/Hr,8:12 min/km,42.2 KM
296,337 / 373,297 / 326,110903c1-ce66-4b6c-b35f-bfc2ed3fdb23,Male,MARATHON,[img:flags/LB.gif],05:59:46.762,05:46:59.022,7.2 Km/Hr,8:13 min/km,42.2 KM
297,338 / 373,298 / 326,110903c1-ce66-4b6c-b35f-bfc2ed3fdb23,Male,MARATHON,[img:flags/SA.gif],05:59:51.089,05:47:04.179,7.2 Km/Hr,8:13 min/km,42.2 KM
298,339 / 373,299 / 326,110903c1-ce66-4b6c-b35f-bfc2ed3fdb23,Male,MARATHON,,06:00:27.591,05:48:32.044,7.2 Km/Hr,8:15 min/km,42.2 KM
299,340 / 373,300 / 326,110903c1-ce66-4b6c-b35f-bfc2ed3fdb23,Male,MARATHON,[img:flags/SA.gif],06:20:21.380,05:48:32.302,7.2 Km/Hr,8:15 min/km,42.2 KM
300,341 / 373,301 / 326,110903c1-ce66-4b6c-b35f-bfc2ed3fdb23,Male,MARATHON,[img:flags/SA.gif],06:03:10.445,05:48:48.812,7.2 Km/Hr,8:15 min/km,42.2 KM
301,342 / 373,302 / 326,110903c1-ce66-4b6c-b35f-bfc2ed3fdb23,Male,MARATHON,,06:01:38.920,05:49:41.310,7.2 Km/Hr,8:17 min/km,42.2 KM
302,343 / 373,303 / 326,110903c1-ce66-4b6c-b35f-bfc2ed3fdb23,Male,MARATHON,[img:flags/SA.gif],06:12:34.609,05:50:00.702,7.2 Km/Hr,8:17 min/km,42.2 KM
303,344 / 373,304 / 326,110903c1-ce66-4b6c-b35f-bfc2ed3fdb23,Male,MARATHON,[img:flags/DE.gif],06:02:52.224,05:50:50.236,7.2 Km/Hr,8:18 min/km,42.2 KM
304,345 / 373,305 / 326,110903c1-ce66-4b6c-b35f-bfc2ed3fdb23,Male,MARATHON,[img:flags/SA.gif],06:02:44.020,05:50:53.941,7.2 Km/Hr,8:18 min/km,42.2 KM
305,346 / 373,306 / 326,110903c1-ce66-4b6c-b35f-bfc2ed3fdb23,Male,MARATHON,[img:flags/SA.gif],06:04:11.922,05:51:12.144,7.2 Km/Hr,8:19 min/km,42.2 KM
306,347 / 373,307 / 326,110903c1-ce66-4b6c-b35f-bfc2ed3fdb23,Male,MARATHON,,06:03:30.535,05:51:32.825,7.2 Km/Hr,8:19 min/km,42.2 KM
307,348 / 373,308 / 326,110903c1-ce66-4b6c-b35f-bfc2ed3fdb23,Male,MARATHON,[img:flags/IN.gif],06:04:37.351,05:51:37.951,7.2 Km/Hr,8:19 min/km,42.2 KM
308,349 / 373,309 / 326,110903c1-ce66-4b6c-b35f-bfc2ed3fdb23,Male,MARATHON,[img:flags/SD.gif],06:10:32.999,05:51:55.004,7.1 Km/Hr,8:20 min/km,42.2 KM
309,350 / 373,310 / 326,110903c1-ce66-4b6c-b35f-bfc2ed3fdb23,Male,MARATHON,[img:flags/SA.gif],06:04:27.651,05:52:20.861,7.1 Km/Hr,8:20 min/km,42.2 KM
310,351 / 373,311 / 326,110903c1-ce66-4b6c-b35f-bfc2ed3fdb23,Male,MARATHON,[img:flags/SA.gif],06:11:57.458,05:52:55.713,7.1 Km/Hr,8:21 min/km,42.2 KM
311,352 / 373,312 / 326,110903c1-ce66-4b6c-b35f-bfc2ed3fdb23,Male,MARATHON,,06:06:40.457,05:54:23.580,7.1 Km/Hr,8:23 min/km,42.2 KM
312,353 / 373,313 / 326,110903c1-ce66-4b6c-b35f-bfc2ed3fdb23,Male,MARATHON,[img:flags/ID.gif],06:07:11.775,05:54:59.526,7.1 Km/Hr,8:24 min/km,42.2 KM
313,354 / 373,314 / 326,110903c1-ce66-4b6c-b35f-bfc2ed3fdb23,Male,MARATHON,[img:flags/GB.gif],06:08:57.996,05:55:36.898,7.1 Km/Hr,8:25 min/km,42.2 KM
314,356 / 373,315 / 326,110903c1-ce66-4b6c-b35f-bfc2ed3fdb23,Male,MARATHON,[img:flags/KE.gif],06:08:13.420,05:56:09.985,7.1 Km/Hr,8:26 min/km,42.2 KM
315,357 / 373,316 / 326,110903c1-ce66-4b6c-b35f-bfc2ed3fdb23,Male,MARATHON,[img:flags/SA.gif],06:08:49.281,05:56:56.978,7.0 Km/Hr,8:27 min/km,42.2 KM
316,358 / 373,317 / 326,110903c1-ce66-4b6c-b35f-bfc2ed3fdb23,Male,MARATHON,[img:flags/SA.gif],06:09:55.698,05:57:59.350,7.0 Km/Hr,8:28 min/km,42.2 KM
317,360 / 373,318 / 326,110903c1-ce66-4b6c-b35f-bfc2ed3fdb23,Male,MARATHON,[img:flags/SA.gif],06:12:08.361,05:59:28.403,7.0 Km/Hr,8:31 min/km,42.2 KM
318,361 / 373,319 / 326,110903c1-ce66-4b6c-b35f-bfc2ed3fdb23,Male,MARATHON,[img:flags/SA.gif],06:12:57.120,05:59:56.130,7.0 Km/Hr,8:31 min/km,42.2 KM
319,362 / 373,320 / 326,110903c1-ce66-4b6c-b35f-bfc2ed3fdb23,Male,MARATHON,[img:flags/SA.gif],06:13:53.261,06:01:07.958,7.0 Km/Hr,8:33 min/km,42.2 KM
320,367 / 373,321 / 326,110903c1-ce66-4b6c-b35f-bfc2ed3fdb23,Male,MARATHON,[img:flags/SA.gif],06:14:05.488,06:02:12.889,6.9 Km/Hr,8:34 min/km,42.2 KM
321,368 / 373,322 / 326,110903c1-ce66-4b6c-b35f-bfc2ed3fdb23,Male,MARATHON,,06:03:30.393,06:03:02.649,6.9 Km/Hr,8:36 min/km,42.2 KM
322,369 / 373,323 / 326,110903c1-ce66-4b6c-b35f-bfc2ed3fdb23,Male,MARATHON,[img:flags/SA.gif],06:17:00.727,06:04:25.555,6.9 Km/Hr,8:38 min/km,42.2 KM
323,370 / 373,324 / 326,110903c1-ce66-4b6c-b35f-bfc2ed3fdb23,Male,MARATHON,,06:17:05.542,06:04:40.901,6.9 Km/Hr,8:38 min/km,42.2 KM
324,371 / 373,325 / 326,110903c1-ce66-4b6c-b35f-bfc2ed3fdb23,Male,MARATHON,[img:flags/SA.gif],06:18:22.001,06:05:34.724,6.9 Km/Hr,8:39 min/km,42.2 KM
325,372 / 373,326 / 326,110903c1-ce66-4b6c-b35f-bfc2ed3fdb23,Male,MARATHON,[img:flags/PK.gif],06:20:17.131,06:07:51.991,6.8 Km/Hr,8:43 min/km,42.2 KM
326,-,-,110903c1-ce66-4b6c-b35f-bfc2ed3fdb23,Male,MARATHON,[img:flags/QA.gif],[22526.31|hh:mm:ss],,,,40 KM
327,-,-,110903c1-ce66-4b6c-b35f-bfc2ed3fdb23,Male,MARATHON,[img:flags/NG.gif],[22526.31|hh:mm:ss],,,,40 KM
328,-,-,110903c1-ce66-4b6c-b35f-bfc2ed3fdb23,Male,MARATHON,[img:flags/SA.gif],[22526.31|hh:mm:ss],,,,35 KM
329,-,-,110903c1-ce66-4b6c-b35f-bfc2ed3fdb23,Male,MARATHON,[img:flags/SA.gif],[22526.31|hh:mm:ss],,,,35 KM
330,-,-,110903c1-ce66-4b6c-b35f-bfc2ed3fdb23,Male,MARATHON,[img:flags/GB.gif],[22526.31|hh:mm:ss],,,,35 KM
331,-,-,110903c1-ce66-4b6c-b35f-bfc2ed3fdb23,Male,MARATHON,[img:flags/ID.gif],[22526.31|hh:mm:ss],,,,35 KM
332,-,-,110903c1-ce66-4b6c-b35f-bfc2ed3fdb23,Male,MARATHON,[img:flags/SA.gif],[22526.31|hh:mm:ss],,,,35 KM
333,-,-,110903c1-ce66-4b6c-b35f-bfc2ed3fdb23,Male,MARATHON,[img:flags/SA.gif],[22526.31|hh:mm:ss],,,,35 KM
334,-,-,110903c1-ce66-4b6c-b35f-bfc2ed3fdb23,Male,MARATHON,[img:flags/SA.gif],[22526.31|hh:mm:ss],,,,35 KM
335,-,-,110903c1-ce66-4b6c-b35f-bfc2ed3fdb23,Male,MARATHON,[img:flags/SA.gif],[22526.31|hh:mm:ss],,,,35 KM
336,-,-,110903c1-ce66-4b6c-b35f-bfc2ed3fdb23,Male,MARATHON,[img:flags/SA.gif],[22526.31|hh:mm:ss],,,,35 KM
337,-,-,110903c1-ce66-4b6c-b35f-bfc2ed3fdb23,Male,MARATHON,[img:flags/IN.gif],[22526.31|hh:mm:ss],,,,35 KM
338,-,-,110903c1-ce66-4b6c-b35f-bfc2ed3fdb23,Male,MARATHON,[img:flags/PH.gif],[22526.31|hh:mm:ss],,,,35 KM
339,-,-,110903c1-ce66-4b6c-b35f-bfc2ed3fdb23,Male,MARATHON,[img:flags/PH.gif],[22526.31|hh:mm:ss],,,,35 KM
340,-,-,110903c1-ce66-4b6c-b35f-bfc2ed3fdb23,Male,MARATHON,,[22526.31|hh:mm:ss],,,,35 KM
341,-,-,110903c1-ce66-4b6c-b35f-bfc2ed3fdb23,Male,MARATHON,[img:flags/SA.gif],[22526.31|hh:mm:ss],,,,35 KM
342,-,-,110903c1-ce66-4b6c-b35f-bfc2ed3fdb23,Male,MARATHON,[img:flags/PH.gif],[22526.31|hh:mm:ss],,,,35 KM
343,-,-,110903c1-ce66-4b6c-b35f-bfc2ed3fdb23,Male,MARATHON,[img:flags/PH.gif],[22526.31|hh:mm:ss],,,,35 KM
344,-,-,110903c1-ce66-4b6c-b35f-bfc2ed3fdb23,Male,MARATHON,[img:flags/PH.gif],[22526.31|hh:mm:ss],,,,35 KM
345,-,-,110903c1-ce66-4b6c-b35f-bfc2ed3fdb23,Male,MARATHON,[img:flags/PH.gif],[22526.31|hh:mm:ss],,,,35 KM
346,-,-,110903c1-ce66-4b6c-b35f-bfc2ed3fdb23,Male,MARATHON,[img:flags/PH.gif],[22526.31|hh:mm:ss],,,,35 KM
347,-,-,110903c1-ce66-4b6c-b35f-bfc2ed3fdb23,Male,MARATHON,[img:flags/SA.gif],[22526.31|hh:mm:ss],,,,35 KM
348,-,-,110903c1-ce66-4b6c-b35f-bfc2ed3fdb23,Male,MARATHON,[img:flags/SA.gif],[22526.31|hh:mm:ss],,,,35 KM
349,-,-,110903c1-ce66-4b6c-b35f-bfc2ed3fdb23,Male,MARATHON,[img:flags/PH.gif],[22526.31|hh:mm:ss],,,,35 KM
350,-,-,110903c1-ce66-4b6c-b35f-bfc2ed3fdb23,Male,MARATHON,[img:flags/SA.gif],[22526.31|hh:mm:ss],,,,35 KM
351,-,-,110903c1-ce66-4b6c-b35f-bfc2ed3fdb23,Male,MARATHON,[img:flags/SA.gif],[22526.31|hh:mm:ss],,,,35 KM
352,-,-,110903c1-ce66-4b6c-b35f-bfc2ed3fdb23,Male,MARATHON,[img:flags/SA.gif],[22526.31|hh:mm:ss],,,,35 KM
353,-,-,110903c1-ce66-4b6c-b35f-bfc2ed3fdb23,Male,MARATHON,[img:flags/SA.gif],[22526.31|hh:mm:ss],,,,35 KM
354,-,-,110903c1-ce66-4b6c-b35f-bfc2ed3fdb23,Male,MARATHON,[img:flags/FR.gif],[22526.31|hh:mm:ss],,,,35 KM
355,-,-,110903c1-ce66-4b6c-b35f-bfc2ed3fdb23,Male,MARATHON,[img:flags/ER.gif],[22526.31|hh:mm:ss],,,,35 KM
356,-,-,110903c1-ce66-4b6c-b35f-bfc2ed3fdb23,Male,MARATHON,[img:flags/SA.gif],[22526.31|hh:mm:ss],,,,35 KM
357,-,-,110903c1-ce66-4b6c-b35f-bfc2ed3fdb23,Male,MARATHON,[img:flags/SA.gif],[22526.31|hh:mm:ss],,,,35 KM
358,-,-,110903c1-ce66-4b6c-b35f-bfc2ed3fdb23,Male,MARATHON,[img:flags/AT.gif],[22526.31|hh:mm:ss],,,,35 KM
359,-,-,110903c1-ce66-4b6c-b35f-bfc2ed3fdb23,Male,MARATHON,[img:flags/EG.gif],[22526.31|hh:mm:ss],,,,35 KM
360,-,-,110903c1-ce66-4b6c-b35f-bfc2ed3fdb23,Male,MARATHON,[img:flags/PS.gif],[22526.31|hh:mm:ss],,,,35 KM
361,-,-,110903c1-ce66-4b6c-b35f-bfc2ed3fdb23,Male,MARATHON,[img:flags/SA.gif],[22526.31|hh:mm:ss],,,,35 KM
362,-,-,110903c1-ce66-4b6c-b35f-bfc2ed3fdb23,Male,MARATHON,[img:flags/SA.gif],[22526.31|hh:mm:ss],,,,35 KM
363,-,-,110903c1-ce66-4b6c-b35f-bfc2ed3fdb23,Male,MARATHON,,[22526.31|hh:mm:ss],,,,35 KM
364,-,-,110903c1-ce66-4b6c-b35f-bfc2ed3fdb23,Male,MARATHON,,[22526.31|hh:mm:ss],,,,35 KM
365,-,-,110903c1-ce66-4b6c-b35f-bfc2ed3fdb23,Male,MARATHON,[img:flags/PH.gif],[22526.31|hh:mm:ss],,,,35 KM
366,-,-,110903c1-ce66-4b6c-b35f-bfc2ed3fdb23,Male,MARATHON,[img:flags/SA.gif],[22526.31|hh:mm:ss],,,,35 KM
367,-,-,110903c1-ce66-4b6c-b35f-bfc2ed3fdb23,Male,MARATHON,[img:flags/SA.gif],[22526.31|hh:mm:ss],,,,35 KM
368,-,-,110903c1-ce66-4b6c-b35f-bfc2ed3fdb23,Male,MARATHON,[img:flags/SA.gif],[22526.31|hh:mm:ss],,,,35 KM
369,-,-,110903c1-ce66-4b6c-b35f-bfc2ed3fdb23,Male,MARATHON,[img:flags/SA.gif],[22526.31|hh:mm:ss],,,,35 KM
370,-,-,110903c1-ce66-4b6c-b35f-bfc2ed3fdb23,Male,MARATHON,[img:flags/SA.gif],[22526.31|hh:mm:ss],,,,35 KM
371,-,-,110903c1-ce66-4b6c-b35f-bfc2ed3fdb23,Male,MARATHON,[img:flags/SA.gif],[22526.31|hh:mm:ss],,,,35 KM
372,-,-,110903c1-ce66-4b6c-b35f-bfc2ed3fdb23,Male,MARATHON,[img:flags/SA.gif],[22526.31|hh:mm:ss],,,,35 KM
373,-,-,110903c1-ce66-4b6c-b35f-bfc2ed3fdb23,Male,MARATHON,[img:flags/SA.gif],[22526.31|hh:mm:ss],,,,35 KM
374,-,-,110903c1-ce66-4b6c-b35f-bfc2ed3fdb23,Male,MARATHON,[img:flags/SA.gif],[22526.31|hh:mm:ss],,,,35 KM
375,-,-,110903c1-ce66-4b6c-b35f-bfc2ed3fdb23,Male,MARATHON,[img:flags/SA.gif],[22526.31|hh:mm:ss],,,,30 KM
376,-,-,110903c1-ce66-4b6c-b35f-bfc2ed3fdb23,Male,MARATHON,[img:flags/JP.gif],[22526.31|hh:mm:ss],,,,25 KM
377,-,-,110903c1-ce66-4b6c-b35f-bfc2ed3fdb23,Male,MARATHON,[img:flags/SA.gif],[22526.31|hh:mm:ss],,,,25 KM
378,-,-,110903c1-ce66-4b6c-b35f-bfc2ed3fdb23,Male,MARATHON,[img:flags/SA.gif],[22526.31|hh:mm:ss],,,,25 KM
379,-,-,110903c1-ce66-4b6c-b35f-bfc2ed3fdb23,Male,MARATHON,[img:flags/PL.gif],[22526.31|hh:mm:ss],,,,20 KM
380,-,-,110903c1-ce66-4b6c-b35f-bfc2ed3fdb23,Male,MARATHON,[img:flags/SA.gif],[22526.31|hh:mm:ss],,,,20 KM
381,-,-,110903c1-ce66-4b6c-b35f-bfc2ed3fdb23,Male,MARATHON,[img:flags/SA.gif],[22526.31|hh:mm:ss],,,,20 KM
382,-,-,110903c1-ce66-4b6c-b35f-bfc2ed3fdb23,Male,MARATHON,[img:flags/SA.gif],[22526.31|hh:mm:ss],,,,20 KM
383,-,-,110903c1-ce66-4b6c-b35f-bfc2ed3fdb23,Male,MARATHON,[img:flags/SA.gif],[22526.31|hh:mm:ss],,,,20 KM
384,-,-,110903c1-ce66-4b6c-b35f-bfc2ed3fdb23,Male,MARATHON,[img:flags/NG.gif],[22526.31|hh:mm:ss],,,,20 KM
385,-,-,110903c1-ce66-4b6c-b35f-bfc2ed3fdb23,Male,MARATHON,[img:flags/SA.gif],[22526.31|hh:mm:ss],,,,20 KM
386,-,-,110903c1-ce66-4b6c-b35f-bfc2ed3fdb23,Male,MARATHON,[img:flags/SA.gif],[22526.31|hh:mm:ss],,,,15 KM
387,-,-,110903c1-ce66-4b6c-b35f-bfc2ed3fdb23,Male,MARATHON,[img:flags/SA.gif],[22526.31|hh:mm:ss],,,,15 KM
388,-,-,110903c1-ce66-4b6c-b35f-bfc2ed3fdb23,Male,MARATHON,[img:flags/EG.gif],[22526.31|hh:mm:ss],,,,10 KM
389,-,-,110903c1-ce66-4b6c-b35f-bfc2ed3fdb23,Male,MARATHON,[img:flags/SA.gif],[22526.31|hh:mm:ss],,,,5 KM
390,-,-,110903c1-ce66-4b6c-b35f-bfc2ed3fdb23,Male,MARATHON,,[22526.31|hh:mm:ss],,,,0 KM
391,-,-,110903c1-ce66-4b6c-b35f-bfc2ed3fdb23,Male,MARATHON,,[22526.31|hh:mm:ss],,,,0 KM
392,-,-,110903c1-ce66-4b6c-b35f-bfc2ed3fdb23,Male,MARATHON,[img:flags/SA.gif],[22526.31|hh:mm:ss],,,,0 KM
393,-,-,110903c1-ce66-4b6c-b35f-bfc2ed3fdb23,Male,MARATHON,[img:flags/SA.gif],[22526.31|hh:mm:ss],,,,0 KM
394,-,-,110903c1-ce66-4b6c-b35f-bfc2ed3fdb23,Male,MARATHON,[img:flags/ES.gif],01:56:00.757,01:43:10.959,24.5 Km/Hr,2:26 min/km,42.2 KM
395,-,-,110903c1-ce66-4b6c-b35f-bfc2ed3fdb23,Male,MARATHON,[img:flags/SA.gif],01:59:56.755,01:46:48.326,23.7 Km/Hr,2:31 min/km,42.2 KM
396,-,-,110903c1-ce66-4b6c-b35f-bfc2ed3fdb23,Male,MARATHON,[img:flags/GB.gif],01:59:49.126,01:47:58.807,23.4 Km/Hr,2:33 min/km,42.2 KM
397,-,-,110903c1-ce66-4b6c-b35f-bfc2ed3fdb23,Male,MARATHON,[img:flags/SD.gif],02:01:03.394,01:48:55.784,23.2 Km/Hr,2:34 min/km,42.2 KM
398,-,-,110903c1-ce66-4b6c-b35f-bfc2ed3fdb23,Male,MARATHON,[img:flags/SA.gif],02:03:22.989,01:50:18.907,22.9 Km/Hr,2:36 min/km,42.2 KM
399,-,-,110903c1-ce66-4b6c-b35f-bfc2ed3fdb23,Male,MARATHON,[img:flags/SA.gif],02:03:55.846,01:51:44.038,22.6 Km/Hr,2:38 min/km,42.2 KM
400,-,-,110903c1-ce66-4b6c-b35f-bfc2ed3fdb23,Male,MARATHON,[img:flags/NG.gif],02:08:19.199,01:55:49.038,21.8 Km/Hr,2:44 min/km,42.2 KM
401,-,-,110903c1-ce66-4b6c-b35f-bfc2ed3fdb23,Male,MARATHON,[img:flags/EG.gif],02:11:58.142,01:58:37.160,21.3 Km/Hr,2:48 min/km,42.2 KM
402,-,-,110903c1-ce66-4b6c-b35f-bfc2ed3fdb23,Male,MARATHON,[img:flags/EG.gif],02:21:16.744,02:08:38.968,19.6 Km/Hr,3:02 min/km,42.2 KM
403,-,-,110903c1-ce66-4b6c-b35f-bfc2ed3fdb23,Male,MARATHON,[img:flags/SA.gif],02:39:53.429,02:08:44.253,19.6 Km/Hr,3:03 min/km,42.2 KM
404,-,-,110903c1-ce66-4b6c-b35f-bfc2ed3fdb23,Male,MARATHON,[img:flags/CA.gif],02:08:55.352,02:08:55.352,19.6 Km/Hr,3:03 min/km,42.2 KM
405,-,-,110903c1-ce66-4b6c-b35f-bfc2ed3fdb23,Male,MARATHON,[img:flags/SA.gif],02:21:28.902,02:09:22.098,19.5 Km/Hr,3:03 min/km,42.2 KM
406,-,-,110903c1-ce66-4b6c-b35f-bfc2ed3fdb23,Male,MARATHON,[img:flags/ZA.gif],02:23:03.236,02:09:34.875,19.5 Km/Hr,3:04 min/km,42.2 KM
407,-,-,110903c1-ce66-4b6c-b35f-bfc2ed3fdb23,Male,MARATHON,[img:flags/DE.gif],02:28:04.924,02:15:34.847,18.6 Km/Hr,3:12 min/km,42.2 KM
408,-,-,110903c1-ce66-4b6c-b35f-bfc2ed3fdb23,Male,MARATHON,[img:flags/SA.gif],02:34:41.883,02:22:17.600,17.7 Km/Hr,3:22 min/km,42.2 KM
409,-,-,110903c1-ce66-4b6c-b35f-bfc2ed3fdb23,Male,MARATHON,[img:flags/SA.gif],02:36:28.249,02:24:27.339,17.5 Km/Hr,3:25 min/km,42.2 KM
410,-,-,110903c1-ce66-4b6c-b35f-bfc2ed3fdb23,Male,MARATHON,[img:flags/SA.gif],02:43:41.975,02:27:27.174,17.1 Km/Hr,3:29 min/km,42.2 KM
411,-,-,110903c1-ce66-4b6c-b35f-bfc2ed3fdb23,Male,MARATHON,[img:flags/SA.gif],02:42:25.099,02:30:09.602,16.8 Km/Hr,3:33 min/km,42.2 KM
412,-,-,110903c1-ce66-4b6c-b35f-bfc2ed3fdb23,Male,MARATHON,,02:43:49.862,02:31:20.665,16.7 Km/Hr,3:35 min/km,42.2 KM
413,-,-,110903c1-ce66-4b6c-b35f-bfc2ed3fdb23,Male,MARATHON,[img:flags/SA.gif],02:45:21.273,02:32:09.044,16.6 Km/Hr,3:36 min/km,42.2 KM
414,-,-,110903c1-ce66-4b6c-b35f-bfc2ed3fdb23,Male,MARATHON,[img:flags/SA.gif],02:42:29.589,02:32:40.595,16.5 Km/Hr,3:37 min/km,42.2 KM
415,-,-,110903c1-ce66-4b6c-b35f-bfc2ed3fdb23,Male,MARATHON,[img:flags/PT.gif],02:49:21.561,02:36:27.534,16.1 Km/Hr,3:42 min/km,42.2 KM
416,-,-,110903c1-ce66-4b6c-b35f-bfc2ed3fdb23,Male,MARATHON,[img:flags/SA.gif],02:48:39.102,02:36:40.634,16.1 Km/Hr,3:42 min/km,42.2 KM
417,-,-,110903c1-ce66-4b6c-b35f-bfc2ed3fdb23,Male,MARATHON,[img:flags/SA.gif],02:49:50.424,02:36:51.245,16.1 Km/Hr,3:43 min/km,42.2 KM
418,-,-,110903c1-ce66-4b6c-b35f-bfc2ed3fdb23,Male,MARATHON,[img:flags/ZA.gif],02:53:44.386,02:38:40.732,15.9 Km/Hr,3:45 min/km,42.2 KM
419,-,-,110903c1-ce66-4b6c-b35f-bfc2ed3fdb23,Male,MARATHON,[img:flags/MY.gif],03:23:38.889,02:43:52.043,15.4 Km/Hr,3:52 min/km,42.2 KM
420,-,-,110903c1-ce66-4b6c-b35f-bfc2ed3fdb23,Male,MARATHON,[img:flags/SA.gif],02:57:17.562,02:45:02.909,15.3 Km/Hr,3:54 min/km,42.2 KM
421,-,-,110903c1-ce66-4b6c-b35f-bfc2ed3fdb23,Male,MARATHON,[img:flags/SA.gif],02:58:30.613,02:45:07.012,15.3 Km/Hr,3:54 min/km,42.2 KM
422,-,-,110903c1-ce66-4b6c-b35f-bfc2ed3fdb23,Male,MARATHON,[img:flags/SA.gif],02:57:34.502,02:45:15.434,15.3 Km/Hr,3:54 min/km,42.2 KM
423,-,-,110903c1-ce66-4b6c-b35f-bfc2ed3fdb23,Male,MARATHON,[img:flags/SA.gif],02:59:20.586,02:46:41.129,15.1 Km/Hr,3:56 min/km,42.2 KM
424,-,-,110903c1-ce66-4b6c-b35f-bfc2ed3fdb23,Male,MARATHON,[img:flags/SD.gif],03:01:15.154,02:49:11.138,14.9 Km/Hr,4:00 min/km,42.2 KM
425,-,-,110903c1-ce66-4b6c-b35f-bfc2ed3fdb23,Male,MARATHON,,03:32:04.083,02:49:43.336,14.9 Km/Hr,4:01 min/km,42.2 KM
426,-,-,110903c1-ce66-4b6c-b35f-bfc2ed3fdb23,Male,MARATHON,,03:32:04.708,02:49:44.087,14.9 Km/Hr,4:01 min/km,42.2 KM
427,-,-,110903c1-ce66-4b6c-b35f-bfc2ed3fdb23,Male,MARATHON,[img:flags/EG.gif],03:05:29.196,02:53:41.054,14.5 Km/Hr,4:06 min/km,42.2 KM
428,-,-,110903c1-ce66-4b6c-b35f-bfc2ed3fdb23,Male,MARATHON,[img:flags/SA.gif],03:13:56.025,03:01:58.998,13.9 Km/Hr,4:18 min/km,42.2 KM
429,-,-,110903c1-ce66-4b6c-b35f-bfc2ed3fdb23,Male,MARATHON,[img:flags/PH.gif],03:24:34.958,03:06:59.695,13.5 Km/Hr,4:25 min/km,42.2 KM
430,-,-,110903c1-ce66-4b6c-b35f-bfc2ed3fdb23,Male,MARATHON,[img:flags/SA.gif],03:23:48.038,03:07:49.717,13.4 Km/Hr,4:27 min/km,42.2 KM
431,-,-,110903c1-ce66-4b6c-b35f-bfc2ed3fdb23,Male,MARATHON,[img:flags/SA.gif],03:24:14.432,03:09:38.131,13.3 Km/Hr,4:29 min/km,42.2 KM
432,-,-,110903c1-ce66-4b6c-b35f-bfc2ed3fdb23,Male,MARATHON,[img:flags/ET.gif],03:26:03.574,03:11:31.235,13.2 Km/Hr,4:32 min/km,42.2 KM
433,-,-,110903c1-ce66-4b6c-b35f-bfc2ed3fdb23,Male,MARATHON,[img:flags/SA.gif],03:23:36.232,03:11:47.513,13.2 Km/Hr,4:32 min/km,42.2 KM
434,-,-,110903c1-ce66-4b6c-b35f-bfc2ed3fdb23,Male,MARATHON,[img:flags/SA.gif],03:44:36.901,03:13:35.144,13.0 Km/Hr,4:35 min/km,42.2 KM
435,-,-,110903c1-ce66-4b6c-b35f-bfc2ed3fdb23,Male,MARATHON,[img:flags/PH.gif],03:27:26.320,03:14:26.543,13.0 Km/Hr,4:36 min/km,42.2 KM
436,-,-,110903c1-ce66-4b6c-b35f-bfc2ed3fdb23,Male,MARATHON,[img:flags/PH.gif],03:27:26.519,03:14:26.786,13.0 Km/Hr,4:36 min/km,42.2 KM
437,-,-,110903c1-ce66-4b6c-b35f-bfc2ed3fdb23,Male,MARATHON,[img:flags/SA.gif],03:29:03.495,03:17:05.023,12.8 Km/Hr,4:40 min/km,42.2 KM
438,-,-,110903c1-ce66-4b6c-b35f-bfc2ed3fdb23,Male,MARATHON,[img:flags/SA.gif],03:40:53.100,03:17:29.055,12.8 Km/Hr,4:40 min/km,42.2 KM
439,-,-,110903c1-ce66-4b6c-b35f-bfc2ed3fdb23,Male,MARATHON,,03:31:09.051,03:17:46.863,12.8 Km/Hr,4:41 min/km,42.2 KM
440,-,-,110903c1-ce66-4b6c-b35f-bfc2ed3fdb23,Male,MARATHON,[img:flags/SA.gif],03:29:43.916,03:17:48.411,12.8 Km/Hr,4:41 min/km,42.2 KM
441,-,-,110903c1-ce66-4b6c-b35f-bfc2ed3fdb23,Male,MARATHON,[img:flags/SA.gif],03:31:56.062,03:20:05.526,12.6 Km/Hr,4:44 min/km,42.2 KM
442,-,-,110903c1-ce66-4b6c-b35f-bfc2ed3fdb23,Male,MARATHON,[img:flags/SA.gif],03:34:09.303,03:21:33.128,12.5 Km/Hr,4:46 min/km,42.2 KM
443,-,-,110903c1-ce66-4b6c-b35f-bfc2ed3fdb23,Male,MARATHON,[img:flags/SA.gif],04:03:24.278,03:21:42.558,12.5 Km/Hr,4:46 min/km,42.2 KM
444,-,-,110903c1-ce66-4b6c-b35f-bfc2ed3fdb23,Male,MARATHON,[img:flags/SA.gif],03:35:01.206,03:21:46.027,12.5 Km/Hr,4:46 min/km,42.2 KM
445,-,-,110903c1-ce66-4b6c-b35f-bfc2ed3fdb23,Male,MARATHON,[img:flags/SA.gif],03:40:29.592,03:22:28.907,12.5 Km/Hr,4:47 min/km,42.2 KM
446,-,-,110903c1-ce66-4b6c-b35f-bfc2ed3fdb23,Male,MARATHON,[img:flags/SA.gif],03:37:40.701,03:24:26.993,12.3 Km/Hr,4:50 min/km,42.2 KM
447,-,-,110903c1-ce66-4b6c-b35f-bfc2ed3fdb23,Male,MARATHON,[img:flags/PH.gif],03:38:19.820,03:25:00.420,12.3 Km/Hr,4:51 min/km,42.2 KM
448,-,-,110903c1-ce66-4b6c-b35f-bfc2ed3fdb23,Male,MARATHON,[img:flags/PH.gif],03:38:24.060,03:25:04.067,12.3 Km/Hr,4:51 min/km,42.2 KM
449,-,-,110903c1-ce66-4b6c-b35f-bfc2ed3fdb23,Male,MARATHON,[img:flags/PH.gif],03:39:17.715,03:26:42.032,12.2 Km/Hr,4:53 min/km,42.2 KM
450,-,-,110903c1-ce66-4b6c-b35f-bfc2ed3fdb23,Male,MARATHON,[img:flags/SA.gif],03:53:08.353,03:27:02.692,12.2 Km/Hr,4:54 min/km,42.2 KM
451,-,-,110903c1-ce66-4b6c-b35f-bfc2ed3fdb23,Male,MARATHON,[img:flags/SA.gif],03:44:58.344,03:28:13.468,12.1 Km/Hr,4:56 min/km,42.2 KM
452,-,-,110903c1-ce66-4b6c-b35f-bfc2ed3fdb23,Male,MARATHON,[img:flags/SA.gif],03:41:40.251,03:28:22.415,12.1 Km/Hr,4:56 min/km,42.2 KM
453,-,-,110903c1-ce66-4b6c-b35f-bfc2ed3fdb23,Male,MARATHON,[img:flags/PS.gif],03:42:35.053,03:29:25.911,12.0 Km/Hr,4:57 min/km,42.2 KM
454,-,-,110903c1-ce66-4b6c-b35f-bfc2ed3fdb23,Male,MARATHON,[img:flags/SA.gif],03:42:24.231,03:30:25.010,12.0 Km/Hr,4:59 min/km,42.2 KM
455,-,-,110903c1-ce66-4b6c-b35f-bfc2ed3fdb23,Male,MARATHON,[img:flags/SA.gif],03:44:37.223,03:32:41.513,11.9 Km/Hr,5:02 min/km,42.2 KM
456,-,-,110903c1-ce66-4b6c-b35f-bfc2ed3fdb23,Male,MARATHON,[img:flags/SA.gif],03:52:19.083,03:33:30.045,11.8 Km/Hr,5:03 min/km,42.2 KM
457,-,-,110903c1-ce66-4b6c-b35f-bfc2ed3fdb23,Male,MARATHON,[img:flags/SA.gif],04:07:02.465,03:35:58.156,11.7 Km/Hr,5:07 min/km,42.2 KM
458,-,-,110903c1-ce66-4b6c-b35f-bfc2ed3fdb23,Male,MARATHON,[img:flags/SA.gif],04:13:35.533,03:36:40.591,11.6 Km/Hr,5:08 min/km,42.2 KM
459,-,-,110903c1-ce66-4b6c-b35f-bfc2ed3fdb23,Male,MARATHON,[img:flags/SA.gif],03:53:48.514,03:40:07.771,11.5 Km/Hr,5:12 min/km,42.2 KM
460,-,-,110903c1-ce66-4b6c-b35f-bfc2ed3fdb23,Male,MARATHON,,03:56:48.878,03:42:10.789,11.3 Km/Hr,5:15 min/km,42.2 KM
461,-,-,110903c1-ce66-4b6c-b35f-bfc2ed3fdb23,Male,MARATHON,[img:flags/IN.gif],03:58:36.991,03:43:37.813,11.3 Km/Hr,5:17 min/km,42.2 KM
462,-,-,110903c1-ce66-4b6c-b35f-bfc2ed3fdb23,Male,MARATHON,[img:flags/SA.gif],03:57:34.149,03:44:42.969,11.2 Km/Hr,5:19 min/km,42.2 KM
463,-,-,110903c1-ce66-4b6c-b35f-bfc2ed3fdb23,Male,MARATHON,[img:flags/PK.gif],04:01:43.829,03:46:45.030,11.1 Km/Hr,5:22 min/km,42.2 KM
464,-,-,110903c1-ce66-4b6c-b35f-bfc2ed3fdb23,Male,MARATHON,[img:flags/SA.gif],04:03:18.059,03:49:14.027,11.0 Km/Hr,5:25 min/km,42.2 KM
465,-,-,110903c1-ce66-4b6c-b35f-bfc2ed3fdb23,Male,MARATHON,[img:flags/PH.gif],04:04:57.371,03:52:01.121,10.9 Km/Hr,5:29 min/km,42.2 KM
466,-,-,110903c1-ce66-4b6c-b35f-bfc2ed3fdb23,Male,MARATHON,[img:flags/SA.gif],04:10:52.534,03:59:00.225,10.5 Km/Hr,5:39 min/km,42.2 KM
467,-,-,110903c1-ce66-4b6c-b35f-bfc2ed3fdb23,Male,MARATHON,[img:flags/SA.gif],04:00:20.212,04:00:20.212,10.5 Km/Hr,5:41 min/km,42.2 KM
468,-,-,110903c1-ce66-4b6c-b35f-bfc2ed3fdb23,Male,MARATHON,[img:flags/SA.gif],04:28:21.894,04:04:22.154,10.3 Km/Hr,5:47 min/km,42.2 KM
469,-,-,110903c1-ce66-4b6c-b35f-bfc2ed3fdb23,Male,MARATHON,[img:flags/SA.gif],04:28:33.908,04:05:35.100,10.3 Km/Hr,5:49 min/km,42.2 KM
470,-,-,110903c1-ce66-4b6c-b35f-bfc2ed3fdb23,Male,MARATHON,[img:flags/SA.gif],04:19:45.639,04:06:16.747,10.2 Km/Hr,5:50 min/km,42.2 KM
471,-,-,110903c1-ce66-4b6c-b35f-bfc2ed3fdb23,Male,MARATHON,[img:flags/SA.gif],04:40:36.845,04:10:04.429,10.1 Km/Hr,5:55 min/km,42.2 KM
472,-,-,110903c1-ce66-4b6c-b35f-bfc2ed3fdb23,Male,MARATHON,[img:flags/GB.gif],04:23:37.002,04:10:27.171,10.1 Km/Hr,5:56 min/km,42.2 KM
473,-,-,110903c1-ce66-4b6c-b35f-bfc2ed3fdb23,Male,MARATHON,[img:flags/SA.gif],04:29:23.849,04:17:28.782,9.8 Km/Hr,6:06 min/km,42.2 KM
474,-,-,110903c1-ce66-4b6c-b35f-bfc2ed3fdb23,Male,MARATHON,[img:flags/AF.gif],04:42:13.532,04:30:08.835,9.3 Km/Hr,6:24 min/km,42.2 KM
475,-,-,110903c1-ce66-4b6c-b35f-bfc2ed3fdb23,Male,MARATHON,[img:flags/SA.gif],04:53:02.507,04:41:14.383,9.0 Km/Hr,6:39 min/km,42.2 KM
476,-,-,110903c1-ce66-4b6c-b35f-bfc2ed3fdb23,Male,MARATHON,,04:53:55.101,04:53:55.101,8.6 Km/Hr,6:57 min/km,42.2 KM
477,-,-,110903c1-ce66-4b6c-b35f-bfc2ed3fdb23,Male,MARATHON,[img:flags/SA.gif],04:55:15.850,04:55:15.850,8.5 Km/Hr,6:59 min/km,42.2 KM
