,Rank,Gender Rank,Name,Gender,Category,Nationality,Gun Time,Chip Time,Speed,Pace,Distance
0,11 / 18,1 / 8,a4d8a45d-d0f0-4d00-8bc9-3d9d6e31f73d,Female,MARATHON ELITE,[img:flags/ET.gif],02:26:37.654,02:26:32.142,17.2 Km/Hr,3:28 min/km,42.2 KM
1,12 / 18,2 / 8,a4d8a45d-d0f0-4d00-8bc9-3d9d6e31f73d,Female,MARATHON ELITE,[img:flags/ET.gif],02:26:54.413,02:26:48.639,17.2 Km/Hr,3:28 min/km,42.2 KM
2,13 / 18,3 / 8,a4d8a45d-d0f0-4d00-8bc9-3d9d6e31f73d,Female,MARATHON ELITE,[img:flags/ET.gif],02:27:01.440,02:26:55.281,17.2 Km/Hr,3:29 min/km,42.2 KM
3,14 / 18,4 / 8,a4d8a45d-d0f0-4d00-8bc9-3d9d6e31f73d,Female,MARATHON ELITE,[img:flags/ET.gif],02:27:06.435,02:27:00.658,17.2 Km/Hr,3:29 min/km,42.2 KM
4,15 / 18,5 / 8,a4d8a45d-d0f0-4d00-8bc9-3d9d6e31f73d,Female,MARATHON ELITE,[img:flags/ET.gif],02:28:02.245,02:27:56.364,17.1 Km/Hr,3:30 min/km,42.2 KM
5,16 / 18,6 / 8,a4d8a45d-d0f0-4d00-8bc9-3d9d6e31f73d,Female,MARATHON ELITE,[img:flags/KE.gif],02:30:16.797,02:30:11.457,16.8 Km/Hr,3:33 min/km,42.2 KM
6,17 / 18,7 / 8,a4d8a45d-d0f0-4d00-8bc9-3d9d6e31f73d,Female,MARATHON ELITE,[img:flags/ET.gif],02:34:00.099,02:33:54.217,16.4 Km/Hr,3:38 min/km,42.2 KM
7,18 / 18,8 / 8,a4d8a45d-d0f0-4d00-8bc9-3d9d6e31f73d,Female,MARATHON ELITE,[img:flags/KE.gif],02:47:00.453,02:46:55.533,15.1 Km/Hr,3:57 min/km,42.2 KM
8,-,-,a4d8a45d-d0f0-4d00-8bc9-3d9d6e31f73d,Female,MARATHON ELITE,[img:flags/ET.gif],[22526.31|hh:mm:ss],,,,0 KM
