,Rank,Gender Rank,Name,Gender,Category,Nationality,Gun Time,Chip Time,Speed,Pace,Distance
0,1 / 18,1 / 10,ee5b6325-c4f3-4122-8247-1818e59912c2,Male,MARATHON ELITE,[img:flags/ET.gif],02:06:26.790,02:06:22.232,20.0 Km/Hr,2:59 min/km,42.2 KM
1,2 / 18,2 / 10,ee5b6325-c4f3-4122-8247-1818e59912c2,Male,MARATHON ELITE,[img:flags/ET.gif],02:06:27.790,02:06:23.132,20.0 Km/Hr,2:59 min/km,42.2 KM
2,3 / 18,3 / 10,ee5b6325-c4f3-4122-8247-1818e59912c2,Male,MARATHON ELITE,[img:flags/KE.gif],02:07:34.911,02:07:30.091,19.8 Km/Hr,3:01 min/km,42.2 KM
3,4 / 18,4 / 10,ee5b6325-c4f3-4122-8247-1818e59912c2,Male,MARATHON ELITE,[img:flags/KE.gif],02:08:14.613,02:08:09.553,19.7 Km/Hr,3:02 min/km,42.2 KM
4,5 / 18,5 / 10,ee5b6325-c4f3-4122-8247-1818e59912c2,Male,MARATHON ELITE,[img:flags/KE.gif],02:08:17.152,02:08:12.313,19.7 Km/Hr,3:02 min/km,42.2 KM
5,6 / 18,6 / 10,ee5b6325-c4f3-4122-8247-1818e59912c2,Male,MARATHON ELITE,[img:flags/ET.gif],02:09:37.935,02:09:32.124,19.5 Km/Hr,3:04 min/km,42.2 KM
6,7 / 18,7 / 10,ee5b6325-c4f3-4122-8247-1818e59912c2,Male,MARATHON ELITE,[img:flags/KE.gif],02:11:09.529,02:11:04.471,19.3 Km/Hr,3:06 min/km,42.2 KM
7,8 / 18,8 / 10,ee5b6325-c4f3-4122-8247-1818e59912c2,Male,MARATHON ELITE,[img:flags/KE.gif],02:11:37.681,02:11:32.062,19.2 Km/Hr,3:07 min/km,42.2 KM
8,9 / 18,9 / 10,ee5b6325-c4f3-4122-8247-1818e59912c2,Male,MARATHON ELITE,[img:flags/KE.gif],02:17:22.739,02:17:17.737,18.4 Km/Hr,3:15 min/km,42.2 KM
9,10 / 18,10 / 10,ee5b6325-c4f3-4122-8247-1818e59912c2,Male,MARATHON ELITE,[img:flags/ET.gif],02:17:34.269,02:17:29.088,18.4 Km/Hr,3:15 min/km,42.2 KM
10,-,-,ee5b6325-c4f3-4122-8247-1818e59912c2,Male,MARATHON ELITE,[img:flags/KE.gif],[22526.31|hh:mm:ss],,,,40 KM
11,-,-,ee5b6325-c4f3-4122-8247-1818e59912c2,Male,MARATHON ELITE,[img:flags/KE.gif],[22526.31|hh:mm:ss],,,,35 KM
12,-,-,ee5b6325-c4f3-4122-8247-1818e59912c2,Male,MARATHON ELITE,[img:flags/KE.gif],[22526.31|hh:mm:ss],,,,30 KM
