,Rank,Gender Rank,Name,Gender,Category,Nationality,Gun Time,Chip Time,Speed,Pace,Distance
0,11 / 373,1 / 47,7968347b-c3ac-417c-bccd-99854e8bf972,Female,MARATHON,[img:flags/GB.gif],03:12:19.334,03:00:25.894,14.0 Km/Hr,4:16 min/km,42.2 KM
1,40 / 373,2 / 47,7968347b-c3ac-417c-bccd-99854e8bf972,Female,MARATHON,[img:flags/GB.gif],03:44:37.160,03:31:21.376,11.9 Km/Hr,5:00 min/km,42.2 KM
2,83 / 373,3 / 47,7968347b-c3ac-417c-bccd-99854e8bf972,Female,MARATHON,[img:flags/KE.gif],04:10:33.654,03:58:45.977,10.6 Km/Hr,5:39 min/km,42.2 KM
3,104 / 373,4 / 47,7968347b-c3ac-417c-bccd-99854e8bf972,Female,MARATHON,[img:flags/CN.gif],04:19:36.669,04:06:31.571,10.2 Km/Hr,5:50 min/km,42.2 KM
4,108 / 373,5 / 47,7968347b-c3ac-417c-bccd-99854e8bf972,Female,MARATHON,[img:flags/MX.gif],04:25:03.853,04:07:16.218,10.2 Km/Hr,5:51 min/km,42.2 KM
5,112 / 373,6 / 47,7968347b-c3ac-417c-bccd-99854e8bf972,Female,MARATHON,[img:flags/FR.gif],04:22:07.192,04:10:07.383,10.1 Km/Hr,5:55 min/km,42.2 KM
6,120 / 373,7 / 47,7968347b-c3ac-417c-bccd-99854e8bf972,Female,MARATHON,,04:23:55.411,04:12:00.724,10.0 Km/Hr,5:58 min/km,42.2 KM
7,127 / 373,8 / 47,7968347b-c3ac-417c-bccd-99854e8bf972,Female,MARATHON,[img:flags/AU.gif],04:29:39.349,04:16:13.829,9.8 Km/Hr,6:04 min/km,42.2 KM
8,146 / 373,9 / 47,7968347b-c3ac-417c-bccd-99854e8bf972,Female,MARATHON,[img:flags/PH.gif],04:34:52.602,04:20:32.369,9.7 Km/Hr,6:10 min/km,42.2 KM
9,152 / 373,10 / 47,7968347b-c3ac-417c-bccd-99854e8bf972,Female,MARATHON,[img:flags/UZ.gif],04:34:42.841,04:22:05.695,9.6 Km/Hr,6:12 min/km,42.2 KM
10,172 / 373,11 / 47,7968347b-c3ac-417c-bccd-99854e8bf972,Female,MARATHON,,04:44:24.006,04:31:22.048,9.3 Km/Hr,6:25 min/km,42.2 KM
11,183 / 373,12 / 47,7968347b-c3ac-417c-bccd-99854e8bf972,Female,MARATHON,[img:flags/SA.gif],05:02:29.917,04:37:32.473,9.1 Km/Hr,6:34 min/km,42.2 KM
12,185 / 373,13 / 47,7968347b-c3ac-417c-bccd-99854e8bf972,Female,MARATHON,[img:flags/VE.gif],04:52:58.070,04:38:58.255,9.0 Km/Hr,6:36 min/km,42.2 KM
13,201 / 373,14 / 47,7968347b-c3ac-417c-bccd-99854e8bf972,Female,MARATHON,[img:flags/GB.gif],04:59:14.452,04:45:49.009,8.8 Km/Hr,6:46 min/km,42.2 KM
14,212 / 373,15 / 47,7968347b-c3ac-417c-bccd-99854e8bf972,Female,MARATHON,[img:flags/SA.gif],05:07:37.591,04:47:42.775,8.8 Km/Hr,6:49 min/km,42.2 KM
15,218 / 373,16 / 47,7968347b-c3ac-417c-bccd-99854e8bf972,Female,MARATHON,,05:01:10.556,04:48:35.008,8.7 Km/Hr,6:50 min/km,42.2 KM
16,219 / 373,17 / 47,7968347b-c3ac-417c-bccd-99854e8bf972,Female,MARATHON,,05:01:10.357,04:48:35.489,8.7 Km/Hr,6:50 min/km,42.2 KM
17,220 / 373,18 / 47,7968347b-c3ac-417c-bccd-99854e8bf972,Female,MARATHON,,05:01:21.938,04:49:18.398,8.7 Km/Hr,6:51 min/km,42.2 KM
18,227 / 373,19 / 47,7968347b-c3ac-417c-bccd-99854e8bf972,Female,MARATHON,[img:flags/SA.gif],05:20:09.256,04:53:11.708,8.6 Km/Hr,6:56 min/km,42.2 KM
19,232 / 373,20 / 47,7968347b-c3ac-417c-bccd-99854e8bf972,Female,MARATHON,[img:flags/SA.gif],05:20:33.170,04:55:38.404,8.5 Km/Hr,7:00 min/km,42.2 KM
20,234 / 373,21 / 47,7968347b-c3ac-417c-bccd-99854e8bf972,Female,MARATHON,[img:flags/ER.gif],05:09:51.460,04:56:12.641,8.5 Km/Hr,7:01 min/km,42.2 KM
21,246 / 373,22 / 47,7968347b-c3ac-417c-bccd-99854e8bf972,Female,MARATHON,[img:flags/SA.gif],05:16:15.760,05:03:31.639,8.3 Km/Hr,7:11 min/km,42.2 KM
22,248 / 373,23 / 47,7968347b-c3ac-417c-bccd-99854e8bf972,Female,MARATHON,[img:flags/GB.gif],05:16:24.029,05:03:46.883,8.3 Km/Hr,7:11 min/km,42.2 KM
23,256 / 373,24 / 47,7968347b-c3ac-417c-bccd-99854e8bf972,Female,MARATHON,[img:flags/RU.gif],05:19:00.680,05:06:26.944,8.2 Km/Hr,7:15 min/km,42.2 KM
24,261 / 373,25 / 47,7968347b-c3ac-417c-bccd-99854e8bf972,Female,MARATHON,[img:flags/ZA.gif],05:23:26.874,05:10:21.655,8.1 Km/Hr,7:21 min/km,42.2 KM
25,264 / 373,26 / 47,7968347b-c3ac-417c-bccd-99854e8bf972,Female,MARATHON,[img:flags/NL.gif],05:23:32.084,05:11:08.087,8.1 Km/Hr,7:22 min/km,42.2 KM
26,269 / 373,27 / 47,7968347b-c3ac-417c-bccd-99854e8bf972,Female,MARATHON,[img:flags/SA.gif],05:26:44.494,05:13:58.990,8.0 Km/Hr,7:26 min/km,42.2 KM
27,277 / 373,28 / 47,7968347b-c3ac-417c-bccd-99854e8bf972,Female,MARATHON,[img:flags/IE.gif],05:36:40.984,05:17:25.669,7.9 Km/Hr,7:31 min/km,42.2 KM
28,284 / 373,29 / 47,7968347b-c3ac-417c-bccd-99854e8bf972,Female,MARATHON,[img:flags/SA.gif],05:36:07.087,05:22:56.037,7.8 Km/Hr,7:39 min/km,42.2 KM
29,289 / 373,30 / 47,7968347b-c3ac-417c-bccd-99854e8bf972,Female,MARATHON,[img:flags/SA.gif],05:36:12.620,05:23:55.276,7.8 Km/Hr,7:40 min/km,42.2 KM
30,295 / 373,31 / 47,7968347b-c3ac-417c-bccd-99854e8bf972,Female,MARATHON,[img:flags/PH.gif],05:37:08.754,05:25:01.696,7.7 Km/Hr,7:42 min/km,42.2 KM
31,296 / 373,32 / 47,7968347b-c3ac-417c-bccd-99854e8bf972,Female,MARATHON,[img:flags/PK.gif],05:38:46.303,05:25:07.164,7.7 Km/Hr,7:42 min/km,42.2 KM
32,301 / 373,33 / 47,7968347b-c3ac-417c-bccd-99854e8bf972,Female,MARATHON,,05:40:34.221,05:26:51.523,7.7 Km/Hr,7:44 min/km,42.2 KM
33,305 / 373,34 / 47,7968347b-c3ac-417c-bccd-99854e8bf972,Female,MARATHON,[img:flags/ZA.gif],05:43:00.835,05:29:09.716,7.6 Km/Hr,7:48 min/km,42.2 KM
34,311 / 373,35 / 47,7968347b-c3ac-417c-bccd-99854e8bf972,Female,MARATHON,[img:flags/PH.gif],05:46:36.232,05:33:42.651,7.5 Km/Hr,7:54 min/km,42.2 KM
35,313 / 373,36 / 47,7968347b-c3ac-417c-bccd-99854e8bf972,Female,MARATHON,[img:flags/SA.gif],05:47:44.775,05:33:55.621,7.5 Km/Hr,7:54 min/km,42.2 KM
36,315 / 373,37 / 47,7968347b-c3ac-417c-bccd-99854e8bf972,Female,MARATHON,[img:flags/CA.gif],05:46:26.353,05:34:28.744,7.5 Km/Hr,7:55 min/km,42.2 KM
37,317 / 373,38 / 47,7968347b-c3ac-417c-bccd-99854e8bf972,Female,MARATHON,,05:48:03.329,05:36:06.699,7.5 Km/Hr,7:57 min/km,42.2 KM
38,318 / 373,39 / 47,7968347b-c3ac-417c-bccd-99854e8bf972,Female,MARATHON,[img:flags/SA.gif],05:49:25.777,05:36:21.954,7.5 Km/Hr,7:58 min/km,42.2 KM
39,334 / 373,40 / 47,7968347b-c3ac-417c-bccd-99854e8bf972,Female,MARATHON,[img:flags/SA.gif],06:04:39.023,05:45:23.280,7.3 Km/Hr,8:11 min/km,42.2 KM
40,355 / 373,41 / 47,7968347b-c3ac-417c-bccd-99854e8bf972,Female,MARATHON,[img:flags/SA.gif],06:19:41.084,05:55:41.695,7.1 Km/Hr,8:25 min/km,42.2 KM
41,359 / 373,42 / 47,7968347b-c3ac-417c-bccd-99854e8bf972,Female,MARATHON,[img:flags/SA.gif],06:11:00.413,05:58:15.697,7.0 Km/Hr,8:29 min/km,42.2 KM
42,363 / 373,43 / 47,7968347b-c3ac-417c-bccd-99854e8bf972,Female,MARATHON,,06:01:38.780,06:01:10.978,7.0 Km/Hr,8:33 min/km,42.2 KM
43,364 / 373,44 / 47,7968347b-c3ac-417c-bccd-99854e8bf972,Female,MARATHON,[img:flags/CN.gif],06:14:20.461,06:01:17.541,7.0 Km/Hr,8:33 min/km,42.2 KM
44,365 / 373,45 / 47,7968347b-c3ac-417c-bccd-99854e8bf972,Female,MARATHON,[img:flags/SA.gif],06:14:41.447,06:01:38.290,7.0 Km/Hr,8:34 min/km,42.2 KM
45,366 / 373,46 / 47,7968347b-c3ac-417c-bccd-99854e8bf972,Female,MARATHON,,06:02:12.443,06:01:44.420,6.9 Km/Hr,8:34 min/km,42.2 KM
46,373 / 373,47 / 47,7968347b-c3ac-417c-bccd-99854e8bf972,Female,MARATHON,[img:flags/SA.gif],06:14:05.366,06:14:05.366,6.7 Km/Hr,8:51 min/km,42.2 KM
47,-,-,7968347b-c3ac-417c-bccd-99854e8bf972,Female,MARATHON,[img:flags/SA.gif],[22526.31|hh:mm:ss],,,,35 KM
48,-,-,7968347b-c3ac-417c-bccd-99854e8bf972,Female,MARATHON,[img:flags/SA.gif],[22526.31|hh:mm:ss],,,,35 KM
49,-,-,7968347b-c3ac-417c-bccd-99854e8bf972,Female,MARATHON,[img:flags/SA.gif],[22526.31|hh:mm:ss],,,,35 KM
50,-,-,7968347b-c3ac-417c-bccd-99854e8bf972,Female,MARATHON,[img:flags/SA.gif],[22526.31|hh:mm:ss],,,,35 KM
51,-,-,7968347b-c3ac-417c-bccd-99854e8bf972,Female,MARATHON,[img:flags/SA.gif],[22526.31|hh:mm:ss],,,,35 KM
52,-,-,7968347b-c3ac-417c-bccd-99854e8bf972,Female,MARATHON,[img:flags/SA.gif],[22526.31|hh:mm:ss],,,,35 KM
53,-,-,7968347b-c3ac-417c-bccd-99854e8bf972,Female,MARATHON,,[22526.31|hh:mm:ss],,,,30 KM
54,-,-,7968347b-c3ac-417c-bccd-99854e8bf972,Female,MARATHON,[img:flags/SA.gif],[22526.31|hh:mm:ss],,,,30 KM
55,-,-,7968347b-c3ac-417c-bccd-99854e8bf972,Female,MARATHON,[img:flags/SA.gif],[22526.31|hh:mm:ss],,,,30 KM
56,-,-,7968347b-c3ac-417c-bccd-99854e8bf972,Female,MARATHON,[img:flags/PH.gif],[22526.31|hh:mm:ss],,,,20 KM
57,-,-,7968347b-c3ac-417c-bccd-99854e8bf972,Female,MARATHON,[img:flags/RU.gif],02:31:17.157,02:18:51.076,18.2 Km/Hr,3:17 min/km,42.2 KM
58,-,-,7968347b-c3ac-417c-bccd-99854e8bf972,Female,MARATHON,,02:50:17.875,02:35:45.195,16.2 Km/Hr,3:41 min/km,42.2 KM
59,-,-,7968347b-c3ac-417c-bccd-99854e8bf972,Female,MARATHON,,03:30:10.800,02:51:58.184,14.7 Km/Hr,4:04 min/km,42.2 KM
60,-,-,7968347b-c3ac-417c-bccd-99854e8bf972,Female,MARATHON,[img:flags/PH.gif],03:31:41.928,03:18:43.899,12.7 Km/Hr,4:42 min/km,42.2 KM
61,-,-,7968347b-c3ac-417c-bccd-99854e8bf972,Female,MARATHON,[img:flags/YE.gif],03:47:56.322,03:22:39.131,12.4 Km/Hr,4:48 min/km,42.2 KM
62,-,-,7968347b-c3ac-417c-bccd-99854e8bf972,Female,MARATHON,[img:flags/PH.gif],03:41:47.020,03:27:45.789,12.1 Km/Hr,4:55 min/km,42.2 KM
63,-,-,7968347b-c3ac-417c-bccd-99854e8bf972,Female,MARATHON,[img:flags/SA.gif],03:31:36.008,03:31:36.008,11.9 Km/Hr,5:00 min/km,42.2 KM
64,-,-,7968347b-c3ac-417c-bccd-99854e8bf972,Female,MARATHON,[img:flags/SA.gif],03:51:41.751,03:39:41.704,11.5 Km/Hr,5:12 min/km,42.2 KM
65,-,-,7968347b-c3ac-417c-bccd-99854e8bf972,Female,MARATHON,[img:flags/ER.gif],04:03:22.590,03:51:25.484,10.9 Km/Hr,5:29 min/km,42.2 KM
66,-,-,7968347b-c3ac-417c-bccd-99854e8bf972,Female,MARATHON,[img:flags/SA.gif],04:15:24.818,03:57:20.303,10.6 Km/Hr,5:37 min/km,42.2 KM
67,-,-,7968347b-c3ac-417c-bccd-99854e8bf972,Female,MARATHON,[img:flags/SA.gif],04:12:53.980,04:00:35.563,10.5 Km/Hr,5:42 min/km,42.2 KM
68,-,-,7968347b-c3ac-417c-bccd-99854e8bf972,Female,MARATHON,[img:flags/SA.gif],04:23:08.782,04:05:19.980,10.3 Km/Hr,5:48 min/km,42.2 KM
69,-,-,7968347b-c3ac-417c-bccd-99854e8bf972,Female,MARATHON,[img:flags/IN.gif],04:18:24.278,04:05:51.721,10.2 Km/Hr,5:49 min/km,42.2 KM
70,-,-,7968347b-c3ac-417c-bccd-99854e8bf972,Female,MARATHON,[img:flags/SA.gif],04:07:46.627,04:07:46.627,10.2 Km/Hr,5:52 min/km,42.2 KM
71,-,-,7968347b-c3ac-417c-bccd-99854e8bf972,Female,MARATHON,[img:flags/PH.gif],04:13:03.794,04:13:03.794,10.0 Km/Hr,5:59 min/km,42.2 KM
72,-,-,7968347b-c3ac-417c-bccd-99854e8bf972,Female,MARATHON,[img:flags/SA.gif],04:27:14.867,04:27:14.867,9.4 Km/Hr,6:19 min/km,42.2 KM
73,-,-,7968347b-c3ac-417c-bccd-99854e8bf972,Female,MARATHON,[img:flags/SA.gif],04:53:15.191,04:35:01.097,9.2 Km/Hr,6:31 min/km,42.2 KM
74,-,-,7968347b-c3ac-417c-bccd-99854e8bf972,Female,MARATHON,[img:flags/PH.gif],[22526.31|hh:mm:ss],,,,30 KM
